"SourcePackage","RawReference","NormalizedPackage","Mount","Encoding","Resolution"
"/Engine/EngineResources/DefaultVolumeTexture","/Engine/EngineResources/DefaultVolumeTexture","/Engine/EngineResources/DefaultVolumeTexture","Engine","us-ascii","Engine package path found under UE Engine/Content and copied byte-identically"
"/Engine/EngineResources/DefaultVolumeTexture","/Engine/EngineResources/DefaultVolumeTexture2D","/Engine/EngineResources/DefaultVolumeTexture2D","Engine","us-ascii","Engine package path found under UE Engine/Content and copied byte-identically"
"/Engine/EngineResources/DefaultVolumeTexture2D","/Engine/EngineResources/DefaultVolumeTexture2D","/Engine/EngineResources/DefaultVolumeTexture2D","Engine","us-ascii","Engine package path found under UE Engine/Content and copied byte-identically"
"/Engine/EngineSky/VolumetricClouds/CloudGradientTexture","/Engine/EngineSky/VolumetricClouds/CloudGradientTexture","/Engine/EngineSky/VolumetricClouds/CloudGradientTexture","Engine","us-ascii","Engine package path found under UE Engine/Content and copied byte-identically"
"/Engine/EngineSky/VolumetricClouds/CloudWeatherTexture","/Engine/EngineSky/VolumetricClouds/CloudWeatherTexture","/Engine/EngineSky/VolumetricClouds/CloudWeatherTexture","Engine","us-ascii","Engine package path found under UE Engine/Content and copied byte-identically"
"/Engine/EngineSky/VolumetricClouds/m_SimpleVolumetricCloud","/Engine/EngineResources/DefaultVolumeTexture","/Engine/EngineResources/DefaultVolumeTexture","Engine","us-ascii","Engine package path found under UE Engine/Content and copied byte-identically"
"/Engine/EngineSky/VolumetricClouds/m_SimpleVolumetricCloud","/Engine/EngineSky/VolumetricClouds/m_SimpleVolumetricCloud","/Engine/EngineSky/VolumetricClouds/m_SimpleVolumetricCloud","Engine","us-ascii","Engine package path found under UE Engine/Content and copied byte-identically"
"/Engine/EngineSky/VolumetricClouds/m_SimpleVolumetricCloud","/Engine/EngineSky/VolumetricClouds/m_SimpleVolumetricCloud.m_SimpleVolumetricCloud","/Engine/EngineSky/VolumetricClouds/m_SimpleVolumetricCloud","Engine","us-ascii","Engine package path found under UE Engine/Content and copied byte-identically"
"/Engine/EngineSky/VolumetricClouds/m_SimpleVolumetricCloud","/Engine/EngineSky/VolumetricClouds/VT_Lightning","/Engine/EngineSky/VolumetricClouds/VT_Lightning","Engine","us-ascii","Engine package path found under UE Engine/Content and copied byte-identically"
"/Engine/EngineSky/VolumetricClouds/m_SimpleVolumetricCloud","/Engine/Functions/Engine_MaterialFunctions01/Units/Km-to-Cm","/Engine/Functions/Engine_MaterialFunctions01/Units/Km-to-Cm","Engine","us-ascii","Engine package path found under UE Engine/Content and copied byte-identically"
"/Engine/EngineSky/VolumetricClouds/m_SimpleVolumetricCloud","/Engine/Functions/Engine_MaterialFunctions02/PivotPainter2/Black_1x1_EXR_Texture","/Engine/Functions/Engine_MaterialFunctions02/PivotPainter2/Black_1x1_EXR_Texture","Engine","us-ascii","Engine package path found under UE Engine/Content and copied byte-identically"
"/Engine/EngineSky/VolumetricClouds/m_SimpleVolumetricCloud","/Engine/Functions/Engine_MaterialFunctions02/Utility/BreakOutFloat3Components","/Engine/Functions/Engine_MaterialFunctions02/Utility/BreakOutFloat3Components","Engine","us-ascii","Engine package path found under UE Engine/Content and copied byte-identically"
"/Engine/EngineSky/VolumetricClouds/m_SimpleVolumetricCloud","/Engine/Functions/Engine_MaterialFunctions02/Utility/BreakOutFloat4Components","/Engine/Functions/Engine_MaterialFunctions02/Utility/BreakOutFloat4Components","Engine","us-ascii","Engine package path found under UE Engine/Content and copied byte-identically"
"/Engine/EngineSky/VolumetricClouds/m_SimpleVolumetricCloud","/Engine/Functions/Engine_MaterialFunctions02/Utility/MakeFloat3","/Engine/Functions/Engine_MaterialFunctions02/Utility/MakeFloat3","Engine","us-ascii","Engine package path found under UE Engine/Content and copied byte-identically"
"/Engine/EngineSky/VolumetricClouds/m_SimpleVolumetricCloud","/Engine/Functions/Engine_MaterialFunctions02/Utility/MakeFloat4","/Engine/Functions/Engine_MaterialFunctions02/Utility/MakeFloat4","Engine","us-ascii","Engine package path found under UE Engine/Content and copied byte-identically"
"/Engine/EngineSky/VolumetricClouds/m_SimpleVolumetricCloud_Inst","/Engine/EngineSky/VolumetricClouds/m_SimpleVolumetricCloud","/Engine/EngineSky/VolumetricClouds/m_SimpleVolumetricCloud","Engine","us-ascii","Engine package path found under UE Engine/Content and copied byte-identically"
"/Engine/EngineSky/VolumetricClouds/m_SimpleVolumetricCloud_Inst","/Engine/EngineSky/VolumetricClouds/m_SimpleVolumetricCloud_Inst","/Engine/EngineSky/VolumetricClouds/m_SimpleVolumetricCloud_Inst","Engine","us-ascii","Engine package path found under UE Engine/Content and copied byte-identically"
"/Engine/EngineSky/VolumetricClouds/m_SimpleVolumetricCloud_Inst","/Engine/EngineSky/VolumetricClouds/m_SimpleVolumetricCloud.m_SimpleVolumetricCloud","/Engine/EngineSky/VolumetricClouds/m_SimpleVolumetricCloud","Engine","us-ascii","Engine package path found under UE Engine/Content and copied byte-identically"
"/Engine/EngineSky/VolumetricClouds/m_SimpleVolumetricCloud_Inst","/Engine/EngineSky/VolumetricClouds/T_CloudMask","/Engine/EngineSky/VolumetricClouds/T_CloudMask","Engine","us-ascii","Engine package path found under UE Engine/Content and copied byte-identically"
"/Engine/EngineSky/VolumetricClouds/m_SimpleVolumetricCloud_Inst","/Engine/EngineSky/VolumetricClouds/T_CloudPattern","/Engine/EngineSky/VolumetricClouds/T_CloudPattern","Engine","us-ascii","Engine package path found under UE Engine/Content and copied byte-identically"
"/Engine/EngineSky/VolumetricClouds/m_SimpleVolumetricCloud_Inst","/Engine/EngineSky/VolumetricClouds/T_Profile_08","/Engine/EngineSky/VolumetricClouds/T_Profile_08","Engine","us-ascii","Engine package path found under UE Engine/Content and copied byte-identically"
"/Engine/EngineSky/VolumetricClouds/m_SimpleVolumetricCloud_Inst","/Engine/EngineSky/VolumetricClouds/VT_PerlinWorley_Balanced","/Engine/EngineSky/VolumetricClouds/VT_PerlinWorley_Balanced","Engine","us-ascii","Engine package path found under UE Engine/Content and copied byte-identically"
"/Engine/EngineSky/VolumetricClouds/T_CloudMask","/Engine/EngineSky/VolumetricClouds/T_CloudMask","/Engine/EngineSky/VolumetricClouds/T_CloudMask","Engine","us-ascii","Engine package path found under UE Engine/Content and copied byte-identically"
"/Engine/EngineSky/VolumetricClouds/T_CloudPattern","/Engine/EngineSky/VolumetricClouds/T_CloudPattern","/Engine/EngineSky/VolumetricClouds/T_CloudPattern","Engine","us-ascii","Engine package path found under UE Engine/Content and copied byte-identically"
"/Engine/EngineSky/VolumetricClouds/T_Lightning","/Engine/EngineSky/VolumetricClouds/T_Lightning","/Engine/EngineSky/VolumetricClouds/T_Lightning","Engine","us-ascii","Engine package path found under UE Engine/Content and copied byte-identically"
"/Engine/EngineSky/VolumetricClouds/T_NoiseErosion","/Engine/EngineSky/VolumetricClouds/T_NoiseErosion","/Engine/EngineSky/VolumetricClouds/T_NoiseErosion","Engine","us-ascii","Engine package path found under UE Engine/Content and copied byte-identically"
"/Engine/EngineSky/VolumetricClouds/T_NoiseShape","/Engine/EngineSky/VolumetricClouds/T_NoiseShape","/Engine/EngineSky/VolumetricClouds/T_NoiseShape","Engine","us-ascii","Engine package path found under UE Engine/Content and copied byte-identically"
"/Engine/EngineSky/VolumetricClouds/T_NoiseShape64","/Engine/EngineSky/VolumetricClouds/T_NoiseShape64","/Engine/EngineSky/VolumetricClouds/T_NoiseShape64","Engine","us-ascii","Engine package path found under UE Engine/Content and copied byte-identically"
"/Engine/EngineSky/VolumetricClouds/T_Profile_08","/Engine/EngineSky/VolumetricClouds/T_Profile_08","/Engine/EngineSky/VolumetricClouds/T_Profile_08","Engine","us-ascii","Engine package path found under UE Engine/Content and copied byte-identically"
"/Engine/EngineSky/VolumetricClouds/T_Volume_PerlinWorley_Balanced","/Engine/EngineSky/VolumetricClouds/T_Volume_PerlinWorley_Balanced","/Engine/EngineSky/VolumetricClouds/T_Volume_PerlinWorley_Balanced","Engine","us-ascii","Engine package path found under UE Engine/Content and copied byte-identically"
"/Engine/EngineSky/VolumetricClouds/T_VolumeNoiseErosion32","/Engine/EngineSky/VolumetricClouds/T_NoiseErosion","/Engine/EngineSky/VolumetricClouds/T_NoiseErosion","Engine","us-ascii","Engine package path found under UE Engine/Content and copied byte-identically"
"/Engine/EngineSky/VolumetricClouds/T_VolumeNoiseErosion32","/Engine/EngineSky/VolumetricClouds/T_VolumeNoiseErosion32","/Engine/EngineSky/VolumetricClouds/T_VolumeNoiseErosion32","Engine","us-ascii","Engine package path found under UE Engine/Content and copied byte-identically"
"/Engine/EngineSky/VolumetricClouds/T_VolumeNoiseShape128","/Engine/EngineSky/VolumetricClouds/T_NoiseShape","/Engine/EngineSky/VolumetricClouds/T_NoiseShape","Engine","us-ascii","Engine package path found under UE Engine/Content and copied byte-identically"
"/Engine/EngineSky/VolumetricClouds/T_VolumeNoiseShape128","/Engine/EngineSky/VolumetricClouds/T_VolumeNoiseShape128","/Engine/EngineSky/VolumetricClouds/T_VolumeNoiseShape128","Engine","us-ascii","Engine package path found under UE Engine/Content and copied byte-identically"
"/Engine/EngineSky/VolumetricClouds/T_VolumeNoiseShape64","/Engine/EngineSky/VolumetricClouds/T_NoiseShape64","/Engine/EngineSky/VolumetricClouds/T_NoiseShape64","Engine","us-ascii","Engine package path found under UE Engine/Content and copied byte-identically"
"/Engine/EngineSky/VolumetricClouds/T_VolumeNoiseShape64","/Engine/EngineSky/VolumetricClouds/T_VolumeNoiseShape64","/Engine/EngineSky/VolumetricClouds/T_VolumeNoiseShape64","Engine","us-ascii","Engine package path found under UE Engine/Content and copied byte-identically"
"/Engine/EngineSky/VolumetricClouds/VT_Lightning","/Engine/EngineSky/VolumetricClouds/VT_Lightning","/Engine/EngineSky/VolumetricClouds/VT_Lightning","Engine","us-ascii","Engine package path found under UE Engine/Content and copied byte-identically"
"/Engine/EngineSky/VolumetricClouds/VT_PerlinWorley_Balanced","/Engine/EngineSky/VolumetricClouds/VT_PerlinWorley_Balanced","/Engine/EngineSky/VolumetricClouds/VT_PerlinWorley_Balanced","Engine","us-ascii","Engine package path found under UE Engine/Content and copied byte-identically"
"/Engine/Functions/Engine_MaterialFunctions01/Units/Km-to-Cm","/Engine/Functions/Engine_MaterialFunctions01/Units/Km-to-Cm","/Engine/Functions/Engine_MaterialFunctions01/Units/Km-to-Cm","Engine","us-ascii","Engine package path found under UE Engine/Content and copied byte-identically"
"/Engine/Functions/Engine_MaterialFunctions01/Units/Km-to-Cm","/Engine/Functions/Engine_MaterialFunctions01/Units/Km-to-Cm.Km-to-Cm.LibraryCategoriesText","/Engine/Functions/Engine_MaterialFunctions01/Units/Km-to-Cm","Engine","us-ascii","Engine package path found under UE Engine/Content and copied byte-identically"
"/Engine/Functions/Engine_MaterialFunctions02/PivotPainter2/Black_1x1_EXR_Texture","/Engine/Functions/Engine_MaterialFunctions02/PivotPainter2/Black_1x1_EXR_Texture","/Engine/Functions/Engine_MaterialFunctions02/PivotPainter2/Black_1x1_EXR_Texture","Engine","us-ascii","Engine package path found under UE Engine/Content and copied byte-identically"
"/Engine/Functions/Engine_MaterialFunctions02/Utility/BreakOutFloat3Components","/Engine/Functions/Engine_MaterialFunctions02/Utility/BreakOutFloat3Components","/Engine/Functions/Engine_MaterialFunctions02/Utility/BreakOutFloat3Components","Engine","us-ascii","Engine package path found under UE Engine/Content and copied byte-identically"
"/Engine/Functions/Engine_MaterialFunctions02/Utility/BreakOutFloat4Components","/Engine/Functions/Engine_MaterialFunctions02/Utility/BreakOutFloat4Components","/Engine/Functions/Engine_MaterialFunctions02/Utility/BreakOutFloat4Components","Engine","us-ascii","Engine package path found under UE Engine/Content and copied byte-identically"
"/Engine/Functions/Engine_MaterialFunctions02/Utility/MakeFloat3","/Engine/Functions/Engine_MaterialFunctions02/Utility/MakeFloat3","/Engine/Functions/Engine_MaterialFunctions02/Utility/MakeFloat3","Engine","us-ascii","Engine package path found under UE Engine/Content and copied byte-identically"
"/Engine/Functions/Engine_MaterialFunctions02/Utility/MakeFloat4","/Engine/Functions/Engine_MaterialFunctions02/Utility/MakeFloat4","/Engine/Functions/Engine_MaterialFunctions02/Utility/MakeFloat4","Engine","us-ascii","Engine package path found under UE Engine/Content and copied byte-identically"
"/Engine/EngineSky/VolumetricClouds/T_CloudPattern","/Game/T_CloudPattern.T_CloudPattern","/Game/T_CloudPattern","Game","utf-16","Ambiguous same-name /Game object string; heuristic string scan only; superseded by parsed ImportMap evidence in manifest/; not a dependency claim"
"/Engine/EngineSky/VolumetricClouds/T_Lightning","/Game/T_Lightning.T_Lightning","/Game/T_Lightning","Game","utf-16","Ambiguous same-name /Game object string; heuristic string scan only; superseded by parsed ImportMap evidence in manifest/; not a dependency claim"
"/Engine/EngineSky/VolumetricClouds/T_Volume_PerlinWorley_Balanced","/Game/T_Volume_PerlinWorley_Balanced.T_Volume_PerlinWorley_Balanced","/Game/T_Volume_PerlinWorley_Balanced","Game","utf-16","Ambiguous same-name /Game object string; heuristic string scan only; superseded by parsed ImportMap evidence in manifest/; not a dependency claim"
"/Engine/EngineSky/VolumetricClouds/CloudGradientTexture","/Users/sebastien.hillaire/Desktop/CloudGradientTexture.png","/Users/sebastien.hillaire/Desktop/CloudGradientTexture","Users","us-ascii","Importer/source-file path metadata, not treated as a UE package reference"
"/Engine/EngineSky/VolumetricClouds/CloudWeatherTexture","/Users/sebastien.hillaire/Desktop/CloudWeatherTexture_Modified.tga","/Users/sebastien.hillaire/Desktop/CloudWeatherTexture_Modified","Users","us-ascii","Importer/source-file path metadata, not treated as a UE package reference"
"/Engine/EngineSky/VolumetricClouds/T_CloudMask","/Epic/Projects/HillsideClouds/Content/T_CloudMask.EXR","/Epic/Projects/HillsideClouds/Content/T_CloudMask","Epic","us-ascii","Importer/source-file path metadata, not treated as a UE package reference"
"/Engine/EngineSky/VolumetricClouds/T_CloudMask","/Epic/Projects/HillsideClouds/Content/T_CloudMask.EXR","/Epic/Projects/HillsideClouds/Content/T_CloudMask","Epic","utf-16","Importer/source-file path metadata, not treated as a UE package reference"
"/Engine/EngineSky/VolumetricClouds/T_CloudPattern","/Epic/Projects/HillsideClouds/Content/T_CloudPattern.EXR","/Epic/Projects/HillsideClouds/Content/T_CloudPattern","Epic","us-ascii","Importer/source-file path metadata, not treated as a UE package reference"
"/Engine/EngineSky/VolumetricClouds/T_Lightning","/Epic/Projects/HillsideClouds/Content/T_Lightning.EXR","/Epic/Projects/HillsideClouds/Content/T_Lightning","Epic","us-ascii","Importer/source-file path metadata, not treated as a UE package reference"
"/Engine/EngineSky/VolumetricClouds/T_NoiseErosion","/Users/sebastien.hillaire/Desktop/NoiseErosion.tga","/Users/sebastien.hillaire/Desktop/NoiseErosion","Users","us-ascii","Importer/source-file path metadata, not treated as a UE package reference"
"/Engine/EngineSky/VolumetricClouds/T_NoiseShape","/Users/sebastien.hillaire/Desktop/NoiseShape.tga","/Users/sebastien.hillaire/Desktop/NoiseShape","Users","us-ascii","Importer/source-file path metadata, not treated as a UE package reference"
"/Engine/EngineSky/VolumetricClouds/T_NoiseShape64","/Users/sebastien.hillaire/Desktop/noiseShapePacked64.tga","/Users/sebastien.hillaire/Desktop/noiseShapePacked64","Users","us-ascii","Importer/source-file path metadata, not treated as a UE package reference"
"/Engine/EngineSky/VolumetricClouds/T_Profile_08","/Epic/Projects/HillsideClouds/Content/T_Profile_08.EXR","/Epic/Projects/HillsideClouds/Content/T_Profile_08","Epic","us-ascii","Importer/source-file path metadata, not treated as a UE package reference"
"/Engine/EngineSky/VolumetricClouds/T_Profile_08","/Epic/Projects/HillsideClouds/Content/T_Profile_08.EXR","/Epic/Projects/HillsideClouds/Content/T_Profile_08","Epic","utf-16","Importer/source-file path metadata, not treated as a UE package reference"
"/Engine/EngineSky/VolumetricClouds/T_Volume_PerlinWorley_Balanced","/Epic/Projects/HillsideClouds/Content/T_Volume_PerlinWorley_Balanced.EXR","/Epic/Projects/HillsideClouds/Content/T_Volume_PerlinWorley_Balanced","Epic","us-ascii","Importer/source-file path metadata, not treated as a UE package reference"
"/Engine/EngineSky/VolumetricClouds/VT_Lightning","/Epic/Projects/HillsideClouds/Content/VT_Lightning.DDS","/Epic/Projects/HillsideClouds/Content/VT_Lightning","Epic","us-ascii","Importer/source-file path metadata, not treated as a UE package reference"
"/Engine/EngineSky/VolumetricClouds/VT_Lightning","/Epic/Projects/HillsideClouds/Content/VT_Lightning.DDS","/Epic/Projects/HillsideClouds/Content/VT_Lightning","Epic","utf-16","Importer/source-file path metadata, not treated as a UE package reference"
"/Engine/EngineSky/VolumetricClouds/VT_PerlinWorley_Balanced","/Epic/Projects/HillsideClouds/Content/VT_PerlinWorley_Balanced.DDS","/Epic/Projects/HillsideClouds/Content/VT_PerlinWorley_Balanced","Epic","us-ascii","Importer/source-file path metadata, not treated as a UE package reference"
"/Engine/EngineSky/VolumetricClouds/VT_PerlinWorley_Balanced","/Epic/Projects/HillsideClouds/Content/VT_PerlinWorley_Balanced.DDS","/Epic/Projects/HillsideClouds/Content/VT_PerlinWorley_Balanced","Epic","utf-16","Importer/source-file path metadata, not treated as a UE package reference"
"/Engine/Functions/Engine_MaterialFunctions02/PivotPainter2/Black_1x1_EXR_Texture","/Users/jonathan.lindquist/Desktop/Black_1x1_EXR_Texture.exr","/Users/jonathan.lindquist/Desktop/Black_1x1_EXR_Texture","Users","us-ascii","Importer/source-file path metadata, not treated as a UE package reference"

