"Package","Status","SourcePath","SourceRelativePath","Size","SourceSHA256","DestinationPath","DestinationSHA256","Sidecars"
"/Engine/EngineResources/DefaultVolumeTexture","COPIED_SHA_MATCH","UE58/Engine/Content/EngineResources/DefaultVolumeTexture.uasset","EngineResources/DefaultVolumeTexture.uasset","8465","AA12FC3920F9301109549C15A2466D9AF8BE66E045D8E3E00DD6A8B043D348EE","Engine/Content/EngineResources/DefaultVolumeTexture.uasset","AA12FC3920F9301109549C15A2466D9AF8BE66E045D8E3E00DD6A8B043D348EE",""
"/Engine/EngineResources/DefaultVolumeTexture2D","COPIED_SHA_MATCH","UE58/Engine/Content/EngineResources/DefaultVolumeTexture2D.uasset","EngineResources/DefaultVolumeTexture2D.uasset","4230","5AC139FDF8794A3A9D4B4E005239BAFCDB4B627DE5BBC30A86F0201F8C2A6017","Engine/Content/EngineResources/DefaultVolumeTexture2D.uasset","5AC139FDF8794A3A9D4B4E005239BAFCDB4B627DE5BBC30A86F0201F8C2A6017",""
"/Engine/EngineSky/VolumetricClouds/CloudGradientTexture","COPIED_SHA_MATCH","UE58/Engine/Content/EngineSky/VolumetricClouds/CloudGradientTexture.uasset","EngineSky/VolumetricClouds/CloudGradientTexture.uasset","5040","400C0F1D4C80F8C2D8520D2DFAE32E9179B856D71323E506CA44E4F3BC2176E5","Engine/Content/EngineSky/VolumetricClouds/CloudGradientTexture.uasset","400C0F1D4C80F8C2D8520D2DFAE32E9179B856D71323E506CA44E4F3BC2176E5",""
"/Engine/EngineSky/VolumetricClouds/CloudWeatherTexture","COPIED_SHA_MATCH","UE58/Engine/Content/EngineSky/VolumetricClouds/CloudWeatherTexture.uasset","EngineSky/VolumetricClouds/CloudWeatherTexture.uasset","292098","5348FD8F06064007F0D1BECEB1324CEBF774F3459E8D39A20D33F3C310DE88B6","Engine/Content/EngineSky/VolumetricClouds/CloudWeatherTexture.uasset","5348FD8F06064007F0D1BECEB1324CEBF774F3459E8D39A20D33F3C310DE88B6",""
"/Engine/EngineSky/VolumetricClouds/m_SimpleVolumetricCloud","COPIED_SHA_MATCH","UE58/Engine/Content/EngineSky/VolumetricClouds/m_SimpleVolumetricCloud.uasset","EngineSky/VolumetricClouds/m_SimpleVolumetricCloud.uasset","230908","221F421770B7F5D99905BB2A1AF5DE4C9EDD7B5FB741ABF5A65923239D28B725","Engine/Content/EngineSky/VolumetricClouds/m_SimpleVolumetricCloud.uasset","221F421770B7F5D99905BB2A1AF5DE4C9EDD7B5FB741ABF5A65923239D28B725",""
"/Engine/EngineSky/VolumetricClouds/m_SimpleVolumetricCloud_Inst","COPIED_SHA_MATCH","UE58/Engine/Content/EngineSky/VolumetricClouds/m_SimpleVolumetricCloud_Inst.uasset","EngineSky/VolumetricClouds/m_SimpleVolumetricCloud_Inst.uasset","9333","9094A7AB8742BF44C8AFB9CF8CA17BB1E992FC3D0E335A4917EC3B0FB76ADC18","Engine/Content/EngineSky/VolumetricClouds/m_SimpleVolumetricCloud_Inst.uasset","9094A7AB8742BF44C8AFB9CF8CA17BB1E992FC3D0E335A4917EC3B0FB76ADC18",""
"/Engine/EngineSky/VolumetricClouds/T_CloudMask","COPIED_SHA_MATCH","UE58/Engine/Content/EngineSky/VolumetricClouds/T_CloudMask.uasset","EngineSky/VolumetricClouds/T_CloudMask.uasset","8298329","12A258CD0F3BDB22F7370352580389BA266A213FA45408CAD7D7F3494D75E51C","Engine/Content/EngineSky/VolumetricClouds/T_CloudMask.uasset","12A258CD0F3BDB22F7370352580389BA266A213FA45408CAD7D7F3494D75E51C",""
"/Engine/EngineSky/VolumetricClouds/T_CloudPattern","COPIED_SHA_MATCH","UE58/Engine/Content/EngineSky/VolumetricClouds/T_CloudPattern.uasset","EngineSky/VolumetricClouds/T_CloudPattern.uasset","10042096","0A8225097AD44C42EA9F5D5D7CBA61FF0576EC43FBB328458DD357C1B3D70225","Engine/Content/EngineSky/VolumetricClouds/T_CloudPattern.uasset","0A8225097AD44C42EA9F5D5D7CBA61FF0576EC43FBB328458DD357C1B3D70225",""
"/Engine/EngineSky/VolumetricClouds/T_Lightning","COPIED_SHA_MATCH","UE58/Engine/Content/EngineSky/VolumetricClouds/T_Lightning.uasset","EngineSky/VolumetricClouds/T_Lightning.uasset","796761","19D9B4F6AF47373141FB81267046DE9DB47E80E41B3191561357887F315A0D1C","Engine/Content/EngineSky/VolumetricClouds/T_Lightning.uasset","19D9B4F6AF47373141FB81267046DE9DB47E80E41B3191561357887F315A0D1C",""
"/Engine/EngineSky/VolumetricClouds/T_NoiseErosion","COPIED_SHA_MATCH","UE58/Engine/Content/EngineSky/VolumetricClouds/T_NoiseErosion.uasset","EngineSky/VolumetricClouds/T_NoiseErosion.uasset","41619","0B9117A9B8FB07FD3EEEB33C0AC78E1BA712D9F1FE070766C809E039D385C4F0","Engine/Content/EngineSky/VolumetricClouds/T_NoiseErosion.uasset","0B9117A9B8FB07FD3EEEB33C0AC78E1BA712D9F1FE070766C809E039D385C4F0",""
"/Engine/EngineSky/VolumetricClouds/T_NoiseShape","COPIED_SHA_MATCH","UE58/Engine/Content/EngineSky/VolumetricClouds/T_NoiseShape.uasset","EngineSky/VolumetricClouds/T_NoiseShape.uasset","1842375","DF75D3E04587DE77679F68AA7A1B49C750548D479D084C64D1C7ADC1D171CB55","Engine/Content/EngineSky/VolumetricClouds/T_NoiseShape.uasset","DF75D3E04587DE77679F68AA7A1B49C750548D479D084C64D1C7ADC1D171CB55",""
"/Engine/EngineSky/VolumetricClouds/T_NoiseShape64","COPIED_SHA_MATCH","UE58/Engine/Content/EngineSky/VolumetricClouds/T_NoiseShape64.uasset","EngineSky/VolumetricClouds/T_NoiseShape64.uasset","263134","A21EA9EAE126D11D457970E4A17F33C4B4BC0873FAFD243597004D94D660A530","Engine/Content/EngineSky/VolumetricClouds/T_NoiseShape64.uasset","A21EA9EAE126D11D457970E4A17F33C4B4BC0873FAFD243597004D94D660A530",""
"/Engine/EngineSky/VolumetricClouds/T_Profile_08","COPIED_SHA_MATCH","UE58/Engine/Content/EngineSky/VolumetricClouds/T_Profile_08.uasset","EngineSky/VolumetricClouds/T_Profile_08.uasset","206511","25334827F0073977519A189BBB3DC784BAF1AAA99F97B4CAFC20F321B837EF15","Engine/Content/EngineSky/VolumetricClouds/T_Profile_08.uasset","25334827F0073977519A189BBB3DC784BAF1AAA99F97B4CAFC20F321B837EF15",""
"/Engine/EngineSky/VolumetricClouds/T_Volume_PerlinWorley_Balanced","COPIED_SHA_MATCH","UE58/Engine/Content/EngineSky/VolumetricClouds/T_Volume_PerlinWorley_Balanced.uasset","EngineSky/VolumetricClouds/T_Volume_PerlinWorley_Balanced.uasset","13580320","28DA5AB378A2B5AC19DA4BD7A2B19D65BE170DBD857F30113B96E1C420CA5B0C","Engine/Content/EngineSky/VolumetricClouds/T_Volume_PerlinWorley_Balanced.uasset","28DA5AB378A2B5AC19DA4BD7A2B19D65BE170DBD857F30113B96E1C420CA5B0C",""
"/Engine/EngineSky/VolumetricClouds/T_VolumeNoiseErosion32","COPIED_SHA_MATCH","UE58/Engine/Content/EngineSky/VolumetricClouds/T_VolumeNoiseErosion32.uasset","EngineSky/VolumetricClouds/T_VolumeNoiseErosion32.uasset","41410","875FCFD07CA85C3862EB0CCB4F5F4D50ED5736DEFEA4513314689F99DEB5E689","Engine/Content/EngineSky/VolumetricClouds/T_VolumeNoiseErosion32.uasset","875FCFD07CA85C3862EB0CCB4F5F4D50ED5736DEFEA4513314689F99DEB5E689",""
"/Engine/EngineSky/VolumetricClouds/T_VolumeNoiseShape128","COPIED_SHA_MATCH","UE58/Engine/Content/EngineSky/VolumetricClouds/T_VolumeNoiseShape128.uasset","EngineSky/VolumetricClouds/T_VolumeNoiseShape128.uasset","1660368","36430CD673E5B5BCA934CD113940B9D1596EEEEDBF50E66302D87DD1C1ED720C","Engine/Content/EngineSky/VolumetricClouds/T_VolumeNoiseShape128.uasset","36430CD673E5B5BCA934CD113940B9D1596EEEEDBF50E66302D87DD1C1ED720C",""
"/Engine/EngineSky/VolumetricClouds/T_VolumeNoiseShape64","COPIED_SHA_MATCH","UE58/Engine/Content/EngineSky/VolumetricClouds/T_VolumeNoiseShape64.uasset","EngineSky/VolumetricClouds/T_VolumeNoiseShape64.uasset","229434","588A0E8A3DAE951778DFF89DB0783C13A6916134306B9FB6A55883C20041A61A","Engine/Content/EngineSky/VolumetricClouds/T_VolumeNoiseShape64.uasset","588A0E8A3DAE951778DFF89DB0783C13A6916134306B9FB6A55883C20041A61A",""
"/Engine/EngineSky/VolumetricClouds/VT_Lightning","COPIED_SHA_MATCH","UE58/Engine/Content/EngineSky/VolumetricClouds/VT_Lightning.uasset","EngineSky/VolumetricClouds/VT_Lightning.uasset","794400","EDC8453190B0E8C7A177E97CA32103070FBCA14970F9C008FE9C500DD6C7DA18","Engine/Content/EngineSky/VolumetricClouds/VT_Lightning.uasset","EDC8453190B0E8C7A177E97CA32103070FBCA14970F9C008FE9C500DD6C7DA18",""
"/Engine/EngineSky/VolumetricClouds/VT_PerlinWorley_Balanced","COPIED_SHA_MATCH","UE58/Engine/Content/EngineSky/VolumetricClouds/VT_PerlinWorley_Balanced.uasset","EngineSky/VolumetricClouds/VT_PerlinWorley_Balanced.uasset","13594171","89542FBE266D8F0D6D01ED3861CF72311C756D3A30D19C7C555041D44893C007","Engine/Content/EngineSky/VolumetricClouds/VT_PerlinWorley_Balanced.uasset","89542FBE266D8F0D6D01ED3861CF72311C756D3A30D19C7C555041D44893C007",""
"/Engine/Functions/Engine_MaterialFunctions01/Units/Km-to-Cm","COPIED_SHA_MATCH","UE58/Engine/Content/Functions/Engine_MaterialFunctions01/Units/Km-to-Cm.uasset","Functions/Engine_MaterialFunctions01/Units/Km-to-Cm.uasset","9088","311E69CA37EBB4576D4FCF4BE44408AAF9E12FA1CD10F91B90324A4F3C0BB14E","Engine/Content/Functions/Engine_MaterialFunctions01/Units/Km-to-Cm.uasset","311E69CA37EBB4576D4FCF4BE44408AAF9E12FA1CD10F91B90324A4F3C0BB14E",""
"/Engine/Functions/Engine_MaterialFunctions02/PivotPainter2/Black_1x1_EXR_Texture","COPIED_SHA_MATCH","UE58/Engine/Content/Functions/Engine_MaterialFunctions02/PivotPainter2/Black_1x1_EXR_Texture.uasset","Functions/Engine_MaterialFunctions02/PivotPainter2/Black_1x1_EXR_Texture.uasset","3612","D1BE8E68444C8EF2A14E40600D92BA08CC5AC0F283509005B1DF2D5DDC433461","Engine/Content/Functions/Engine_MaterialFunctions02/PivotPainter2/Black_1x1_EXR_Texture.uasset","D1BE8E68444C8EF2A14E40600D92BA08CC5AC0F283509005B1DF2D5DDC433461",""
"/Engine/Functions/Engine_MaterialFunctions02/Utility/BreakOutFloat3Components","COPIED_SHA_MATCH","UE58/Engine/Content/Functions/Engine_MaterialFunctions02/Utility/BreakOutFloat3Components.uasset","Functions/Engine_MaterialFunctions02/Utility/BreakOutFloat3Components.uasset","9070","AC57E83AD42C05D5388F4AACDAC275B895D3F2FA75D7B0567E2C9172E6DC8228","Engine/Content/Functions/Engine_MaterialFunctions02/Utility/BreakOutFloat3Components.uasset","AC57E83AD42C05D5388F4AACDAC275B895D3F2FA75D7B0567E2C9172E6DC8228",""
"/Engine/Functions/Engine_MaterialFunctions02/Utility/BreakOutFloat4Components","COPIED_SHA_MATCH","UE58/Engine/Content/Functions/Engine_MaterialFunctions02/Utility/BreakOutFloat4Components.uasset","Functions/Engine_MaterialFunctions02/Utility/BreakOutFloat4Components.uasset","11842","60266027A39025C3E02940FCDCF3D5AE37648559150453E07210A8E8CAE0DF1A","Engine/Content/Functions/Engine_MaterialFunctions02/Utility/BreakOutFloat4Components.uasset","60266027A39025C3E02940FCDCF3D5AE37648559150453E07210A8E8CAE0DF1A",""
"/Engine/Functions/Engine_MaterialFunctions02/Utility/MakeFloat3","COPIED_SHA_MATCH","UE58/Engine/Content/Functions/Engine_MaterialFunctions02/Utility/MakeFloat3.uasset","Functions/Engine_MaterialFunctions02/Utility/MakeFloat3.uasset","8623","2A6545AF56B7C8372148B6676CF6143354FF61A2D53F6633FF8FF30B4BD6B23F","Engine/Content/Functions/Engine_MaterialFunctions02/Utility/MakeFloat3.uasset","2A6545AF56B7C8372148B6676CF6143354FF61A2D53F6633FF8FF30B4BD6B23F",""
"/Engine/Functions/Engine_MaterialFunctions02/Utility/MakeFloat4","COPIED_SHA_MATCH","UE58/Engine/Content/Functions/Engine_MaterialFunctions02/Utility/MakeFloat4.uasset","Functions/Engine_MaterialFunctions02/Utility/MakeFloat4.uasset","9596","B1C4F28BBFCD6DA6F6FFBEBB740FC363E8B019122EF6CFB88FC4BFBEE73487F8","Engine/Content/Functions/Engine_MaterialFunctions02/Utility/MakeFloat4.uasset","B1C4F28BBFCD6DA6F6FFBEBB740FC363E8B019122EF6CFB88FC4BFBEE73487F8",""
