asset,import_index,offset,class_package,class_name,outer_index,object_name,package_name,optional,record_bytes,resolved_package_path,source_package
Engine/Content/EngineSky/VolumetricClouds/CloudGradientTexture.uasset,0,1454,/Script/CoreUObject,Class,-4,MetaData,None,False,40,/Script/CoreUObject,None
Engine/Content/EngineSky/VolumetricClouds/CloudGradientTexture.uasset,1,1494,/Script/CoreUObject,Class,-5,AssetImportData,None,False,40,/Script/Engine,None
Engine/Content/EngineSky/VolumetricClouds/CloudGradientTexture.uasset,2,1534,/Script/CoreUObject,Class,-5,Texture2D,None,False,40,/Script/Engine,None
Engine/Content/EngineSky/VolumetricClouds/CloudGradientTexture.uasset,3,1574,/Script/CoreUObject,Package,0,/Script/CoreUObject,None,False,40,/Script/CoreUObject,None
Engine/Content/EngineSky/VolumetricClouds/CloudGradientTexture.uasset,4,1614,/Script/CoreUObject,Package,0,/Script/Engine,None,False,40,/Script/Engine,None
Engine/Content/EngineSky/VolumetricClouds/CloudWeatherTexture.uasset,0,1412,/Script/CoreUObject,Class,-4,MetaData,None,False,40,/Script/CoreUObject,None
Engine/Content/EngineSky/VolumetricClouds/CloudWeatherTexture.uasset,1,1452,/Script/CoreUObject,Class,-5,AssetImportData,None,False,40,/Script/Engine,None
Engine/Content/EngineSky/VolumetricClouds/CloudWeatherTexture.uasset,2,1492,/Script/CoreUObject,Class,-5,Texture2D,None,False,40,/Script/Engine,None
Engine/Content/EngineSky/VolumetricClouds/CloudWeatherTexture.uasset,3,1532,/Script/CoreUObject,Package,0,/Script/CoreUObject,None,False,40,/Script/CoreUObject,None
Engine/Content/EngineSky/VolumetricClouds/CloudWeatherTexture.uasset,4,1572,/Script/CoreUObject,Package,0,/Script/Engine,None,False,40,/Script/Engine,None
Engine/Content/EngineSky/VolumetricClouds/m_SimpleVolumetricCloud_Inst.uasset,0,2613,/Script/CoreUObject,Class,-11,MetaData,None,False,40,/Script/CoreUObject,/Engine/EngineSky/VolumetricClouds/m_SimpleVolumetricCloud_Inst
Engine/Content/EngineSky/VolumetricClouds/m_SimpleVolumetricCloud_Inst.uasset,1,2653,/Script/CoreUObject,Class,-12,MaterialInstanceConstant,None,False,40,/Script/Engine,/Engine/EngineSky/VolumetricClouds/m_SimpleVolumetricCloud_Inst
Engine/Content/EngineSky/VolumetricClouds/m_SimpleVolumetricCloud_Inst.uasset,2,2693,/Script/CoreUObject,Class,-12,MaterialInstanceEditorOnlyData,None,False,40,/Script/Engine,/Engine/EngineSky/VolumetricClouds/m_SimpleVolumetricCloud_Inst
Engine/Content/EngineSky/VolumetricClouds/m_SimpleVolumetricCloud_Inst.uasset,3,2733,/Script/CoreUObject,Class,-13,SceneThumbnailInfoWithPrimitive,None,False,40,/Script/UnrealEd,/Engine/EngineSky/VolumetricClouds/m_SimpleVolumetricCloud_Inst
Engine/Content/EngineSky/VolumetricClouds/m_SimpleVolumetricCloud_Inst.uasset,4,2773,/Script/Engine,Material,-6,m_SimpleVolumetricCloud,None,False,40,/Engine/EngineSky/VolumetricClouds/m_SimpleVolumetricCloud,/Engine/EngineSky/VolumetricClouds/m_SimpleVolumetricCloud_Inst
Engine/Content/EngineSky/VolumetricClouds/m_SimpleVolumetricCloud_Inst.uasset,5,2813,/Script/CoreUObject,Package,0,/Engine/EngineSky/VolumetricClouds/m_SimpleVolumetricCloud,None,False,40,/Engine/EngineSky/VolumetricClouds/m_SimpleVolumetricCloud,/Engine/EngineSky/VolumetricClouds/m_SimpleVolumetricCloud_Inst
Engine/Content/EngineSky/VolumetricClouds/m_SimpleVolumetricCloud_Inst.uasset,6,2853,/Script/CoreUObject,Package,0,/Engine/EngineSky/VolumetricClouds/T_CloudMask,None,False,40,/Engine/EngineSky/VolumetricClouds/T_CloudMask,/Engine/EngineSky/VolumetricClouds/m_SimpleVolumetricCloud_Inst
Engine/Content/EngineSky/VolumetricClouds/m_SimpleVolumetricCloud_Inst.uasset,7,2893,/Script/CoreUObject,Package,0,/Engine/EngineSky/VolumetricClouds/T_CloudPattern,None,False,40,/Engine/EngineSky/VolumetricClouds/T_CloudPattern,/Engine/EngineSky/VolumetricClouds/m_SimpleVolumetricCloud_Inst
Engine/Content/EngineSky/VolumetricClouds/m_SimpleVolumetricCloud_Inst.uasset,8,2933,/Script/CoreUObject,Package,0,/Engine/EngineSky/VolumetricClouds/T_Profile_08,None,False,40,/Engine/EngineSky/VolumetricClouds/T_Profile_08,/Engine/EngineSky/VolumetricClouds/m_SimpleVolumetricCloud_Inst
Engine/Content/EngineSky/VolumetricClouds/m_SimpleVolumetricCloud_Inst.uasset,9,2973,/Script/CoreUObject,Package,0,/Engine/EngineSky/VolumetricClouds/VT_PerlinWorley_Balanced,None,False,40,/Engine/EngineSky/VolumetricClouds/VT_PerlinWorley_Balanced,/Engine/EngineSky/VolumetricClouds/m_SimpleVolumetricCloud_Inst
Engine/Content/EngineSky/VolumetricClouds/m_SimpleVolumetricCloud_Inst.uasset,10,3013,/Script/CoreUObject,Package,0,/Script/CoreUObject,None,False,40,/Script/CoreUObject,/Engine/EngineSky/VolumetricClouds/m_SimpleVolumetricCloud_Inst
Engine/Content/EngineSky/VolumetricClouds/m_SimpleVolumetricCloud_Inst.uasset,11,3053,/Script/CoreUObject,Package,0,/Script/Engine,None,False,40,/Script/Engine,/Engine/EngineSky/VolumetricClouds/m_SimpleVolumetricCloud_Inst
Engine/Content/EngineSky/VolumetricClouds/m_SimpleVolumetricCloud_Inst.uasset,12,3093,/Script/CoreUObject,Package,0,/Script/UnrealEd,None,False,40,/Script/UnrealEd,/Engine/EngineSky/VolumetricClouds/m_SimpleVolumetricCloud_Inst
Engine/Content/EngineSky/VolumetricClouds/m_SimpleVolumetricCloud_Inst.uasset,13,3133,/Script/Engine,Texture2D,-7,T_CloudMask,None,False,40,/Engine/EngineSky/VolumetricClouds/T_CloudMask,/Engine/EngineSky/VolumetricClouds/m_SimpleVolumetricCloud_Inst
Engine/Content/EngineSky/VolumetricClouds/m_SimpleVolumetricCloud_Inst.uasset,14,3173,/Script/Engine,Texture2D,-8,T_CloudPattern,None,False,40,/Engine/EngineSky/VolumetricClouds/T_CloudPattern,/Engine/EngineSky/VolumetricClouds/m_SimpleVolumetricCloud_Inst
Engine/Content/EngineSky/VolumetricClouds/m_SimpleVolumetricCloud_Inst.uasset,15,3213,/Script/Engine,Texture2D,-9,T_Profile_08,None,False,40,/Engine/EngineSky/VolumetricClouds/T_Profile_08,/Engine/EngineSky/VolumetricClouds/m_SimpleVolumetricCloud_Inst
Engine/Content/EngineSky/VolumetricClouds/m_SimpleVolumetricCloud_Inst.uasset,16,3253,/Script/Engine,VolumeTexture,-10,VT_PerlinWorley_Balanced,None,False,40,/Engine/EngineSky/VolumetricClouds/VT_PerlinWorley_Balanced,/Engine/EngineSky/VolumetricClouds/m_SimpleVolumetricCloud_Inst
Engine/Content/EngineSky/VolumetricClouds/m_SimpleVolumetricCloud.uasset,0,35997,/Script/CoreUObject,Class,-55,MetaData,None,False,40,/Script/CoreUObject,/Engine/EngineSky/VolumetricClouds/m_SimpleVolumetricCloud
Engine/Content/EngineSky/VolumetricClouds/m_SimpleVolumetricCloud.uasset,1,36037,/Script/CoreUObject,Class,-56,Material,None,False,40,/Script/Engine,/Engine/EngineSky/VolumetricClouds/m_SimpleVolumetricCloud
Engine/Content/EngineSky/VolumetricClouds/m_SimpleVolumetricCloud.uasset,2,36077,/Script/CoreUObject,Class,-56,MaterialEditorOnlyData,None,False,40,/Script/Engine,/Engine/EngineSky/VolumetricClouds/m_SimpleVolumetricCloud
Engine/Content/EngineSky/VolumetricClouds/m_SimpleVolumetricCloud.uasset,3,36117,/Script/CoreUObject,Class,-56,MaterialExpressionAbs,None,False,40,/Script/Engine,/Engine/EngineSky/VolumetricClouds/m_SimpleVolumetricCloud
Engine/Content/EngineSky/VolumetricClouds/m_SimpleVolumetricCloud.uasset,4,36157,/Script/CoreUObject,Class,-56,MaterialExpressionAdd,None,False,40,/Script/Engine,/Engine/EngineSky/VolumetricClouds/m_SimpleVolumetricCloud
Engine/Content/EngineSky/VolumetricClouds/m_SimpleVolumetricCloud.uasset,5,36197,/Script/CoreUObject,Class,-56,MaterialExpressionAppendVector,None,False,40,/Script/Engine,/Engine/EngineSky/VolumetricClouds/m_SimpleVolumetricCloud
Engine/Content/EngineSky/VolumetricClouds/m_SimpleVolumetricCloud.uasset,6,36237,/Script/CoreUObject,Class,-56,MaterialExpressionCloudSampleAttribute,None,False,40,/Script/Engine,/Engine/EngineSky/VolumetricClouds/m_SimpleVolumetricCloud
Engine/Content/EngineSky/VolumetricClouds/m_SimpleVolumetricCloud.uasset,7,36277,/Script/CoreUObject,Class,-56,MaterialExpressionComment,None,False,40,/Script/Engine,/Engine/EngineSky/VolumetricClouds/m_SimpleVolumetricCloud
Engine/Content/EngineSky/VolumetricClouds/m_SimpleVolumetricCloud.uasset,8,36317,/Script/CoreUObject,Class,-56,MaterialExpressionComponentMask,None,False,40,/Script/Engine,/Engine/EngineSky/VolumetricClouds/m_SimpleVolumetricCloud
Engine/Content/EngineSky/VolumetricClouds/m_SimpleVolumetricCloud.uasset,9,36357,/Script/CoreUObject,Class,-56,MaterialExpressionConstant,None,False,40,/Script/Engine,/Engine/EngineSky/VolumetricClouds/m_SimpleVolumetricCloud
Engine/Content/EngineSky/VolumetricClouds/m_SimpleVolumetricCloud.uasset,10,36397,/Script/CoreUObject,Class,-56,MaterialExpressionConstant3Vector,None,False,40,/Script/Engine,/Engine/EngineSky/VolumetricClouds/m_SimpleVolumetricCloud
Engine/Content/EngineSky/VolumetricClouds/m_SimpleVolumetricCloud.uasset,11,36437,/Script/CoreUObject,Class,-56,MaterialExpressionDivide,None,False,40,/Script/Engine,/Engine/EngineSky/VolumetricClouds/m_SimpleVolumetricCloud
Engine/Content/EngineSky/VolumetricClouds/m_SimpleVolumetricCloud.uasset,12,36477,/Script/CoreUObject,Class,-56,MaterialExpressionDotProduct,None,False,40,/Script/Engine,/Engine/EngineSky/VolumetricClouds/m_SimpleVolumetricCloud
Engine/Content/EngineSky/VolumetricClouds/m_SimpleVolumetricCloud.uasset,13,36517,/Script/CoreUObject,Class,-56,MaterialExpressionIf,None,False,40,/Script/Engine,/Engine/EngineSky/VolumetricClouds/m_SimpleVolumetricCloud
Engine/Content/EngineSky/VolumetricClouds/m_SimpleVolumetricCloud.uasset,14,36557,/Script/CoreUObject,Class,-56,MaterialExpressionLength,None,False,40,/Script/Engine,/Engine/EngineSky/VolumetricClouds/m_SimpleVolumetricCloud
Engine/Content/EngineSky/VolumetricClouds/m_SimpleVolumetricCloud.uasset,15,36597,/Script/CoreUObject,Class,-56,MaterialExpressionLinearInterpolate,None,False,40,/Script/Engine,/Engine/EngineSky/VolumetricClouds/m_SimpleVolumetricCloud
Engine/Content/EngineSky/VolumetricClouds/m_SimpleVolumetricCloud.uasset,16,36637,/Script/CoreUObject,Class,-56,MaterialExpressionMaterialFunctionCall,None,False,40,/Script/Engine,/Engine/EngineSky/VolumetricClouds/m_SimpleVolumetricCloud
Engine/Content/EngineSky/VolumetricClouds/m_SimpleVolumetricCloud.uasset,17,36677,/Script/CoreUObject,Class,-56,MaterialExpressionMax,None,False,40,/Script/Engine,/Engine/EngineSky/VolumetricClouds/m_SimpleVolumetricCloud
Engine/Content/EngineSky/VolumetricClouds/m_SimpleVolumetricCloud.uasset,18,36717,/Script/CoreUObject,Class,-56,MaterialExpressionMultiply,None,False,40,/Script/Engine,/Engine/EngineSky/VolumetricClouds/m_SimpleVolumetricCloud
Engine/Content/EngineSky/VolumetricClouds/m_SimpleVolumetricCloud.uasset,19,36757,/Script/CoreUObject,Class,-56,MaterialExpressionNamedRerouteDeclaration,None,False,40,/Script/Engine,/Engine/EngineSky/VolumetricClouds/m_SimpleVolumetricCloud
Engine/Content/EngineSky/VolumetricClouds/m_SimpleVolumetricCloud.uasset,20,36797,/Script/CoreUObject,Class,-56,MaterialExpressionNamedRerouteUsage,None,False,40,/Script/Engine,/Engine/EngineSky/VolumetricClouds/m_SimpleVolumetricCloud
Engine/Content/EngineSky/VolumetricClouds/m_SimpleVolumetricCloud.uasset,21,36837,/Script/CoreUObject,Class,-56,MaterialExpressionOneMinus,None,False,40,/Script/Engine,/Engine/EngineSky/VolumetricClouds/m_SimpleVolumetricCloud
Engine/Content/EngineSky/VolumetricClouds/m_SimpleVolumetricCloud.uasset,22,36877,/Script/CoreUObject,Class,-56,MaterialExpressionPower,None,False,40,/Script/Engine,/Engine/EngineSky/VolumetricClouds/m_SimpleVolumetricCloud
Engine/Content/EngineSky/VolumetricClouds/m_SimpleVolumetricCloud.uasset,23,36917,/Script/CoreUObject,Class,-56,MaterialExpressionReroute,None,False,40,/Script/Engine,/Engine/EngineSky/VolumetricClouds/m_SimpleVolumetricCloud
Engine/Content/EngineSky/VolumetricClouds/m_SimpleVolumetricCloud.uasset,24,36957,/Script/CoreUObject,Class,-56,MaterialExpressionRotator,None,False,40,/Script/Engine,/Engine/EngineSky/VolumetricClouds/m_SimpleVolumetricCloud
Engine/Content/EngineSky/VolumetricClouds/m_SimpleVolumetricCloud.uasset,25,36997,/Script/CoreUObject,Class,-56,MaterialExpressionSaturate,None,False,40,/Script/Engine,/Engine/EngineSky/VolumetricClouds/m_SimpleVolumetricCloud
Engine/Content/EngineSky/VolumetricClouds/m_SimpleVolumetricCloud.uasset,26,37037,/Script/CoreUObject,Class,-56,MaterialExpressionScalarParameter,None,False,40,/Script/Engine,/Engine/EngineSky/VolumetricClouds/m_SimpleVolumetricCloud
Engine/Content/EngineSky/VolumetricClouds/m_SimpleVolumetricCloud.uasset,27,37077,/Script/CoreUObject,Class,-56,MaterialExpressionShadingPathSwitch,None,False,40,/Script/Engine,/Engine/EngineSky/VolumetricClouds/m_SimpleVolumetricCloud
Engine/Content/EngineSky/VolumetricClouds/m_SimpleVolumetricCloud.uasset,28,37117,/Script/CoreUObject,Class,-56,MaterialExpressionSine,None,False,40,/Script/Engine,/Engine/EngineSky/VolumetricClouds/m_SimpleVolumetricCloud
Engine/Content/EngineSky/VolumetricClouds/m_SimpleVolumetricCloud.uasset,29,37157,/Script/CoreUObject,Class,-56,MaterialExpressionStaticSwitchParameter,None,False,40,/Script/Engine,/Engine/EngineSky/VolumetricClouds/m_SimpleVolumetricCloud
Engine/Content/EngineSky/VolumetricClouds/m_SimpleVolumetricCloud.uasset,30,37197,/Script/CoreUObject,Class,-56,MaterialExpressionSubtract,None,False,40,/Script/Engine,/Engine/EngineSky/VolumetricClouds/m_SimpleVolumetricCloud
Engine/Content/EngineSky/VolumetricClouds/m_SimpleVolumetricCloud.uasset,31,37237,/Script/CoreUObject,Class,-56,MaterialExpressionTextureObjectParameter,None,False,40,/Script/Engine,/Engine/EngineSky/VolumetricClouds/m_SimpleVolumetricCloud
Engine/Content/EngineSky/VolumetricClouds/m_SimpleVolumetricCloud.uasset,32,37277,/Script/CoreUObject,Class,-56,MaterialExpressionTextureProperty,None,False,40,/Script/Engine,/Engine/EngineSky/VolumetricClouds/m_SimpleVolumetricCloud
Engine/Content/EngineSky/VolumetricClouds/m_SimpleVolumetricCloud.uasset,33,37317,/Script/CoreUObject,Class,-56,MaterialExpressionTextureSample,None,False,40,/Script/Engine,/Engine/EngineSky/VolumetricClouds/m_SimpleVolumetricCloud
Engine/Content/EngineSky/VolumetricClouds/m_SimpleVolumetricCloud.uasset,34,37357,/Script/CoreUObject,Class,-56,MaterialExpressionTime,None,False,40,/Script/Engine,/Engine/EngineSky/VolumetricClouds/m_SimpleVolumetricCloud
Engine/Content/EngineSky/VolumetricClouds/m_SimpleVolumetricCloud.uasset,35,37397,/Script/CoreUObject,Class,-56,MaterialExpressionTruncateLWC,None,False,40,/Script/Engine,/Engine/EngineSky/VolumetricClouds/m_SimpleVolumetricCloud
Engine/Content/EngineSky/VolumetricClouds/m_SimpleVolumetricCloud.uasset,36,37437,/Script/CoreUObject,Class,-56,MaterialExpressionVectorParameter,None,False,40,/Script/Engine,/Engine/EngineSky/VolumetricClouds/m_SimpleVolumetricCloud
Engine/Content/EngineSky/VolumetricClouds/m_SimpleVolumetricCloud.uasset,37,37477,/Script/CoreUObject,Class,-56,MaterialExpressionVolumetricAdvancedMaterialInput,None,False,40,/Script/Engine,/Engine/EngineSky/VolumetricClouds/m_SimpleVolumetricCloud
Engine/Content/EngineSky/VolumetricClouds/m_SimpleVolumetricCloud.uasset,38,37517,/Script/CoreUObject,Class,-56,MaterialExpressionVolumetricAdvancedMaterialOutput,None,False,40,/Script/Engine,/Engine/EngineSky/VolumetricClouds/m_SimpleVolumetricCloud
Engine/Content/EngineSky/VolumetricClouds/m_SimpleVolumetricCloud.uasset,39,37557,/Script/CoreUObject,Class,-56,MaterialExpressionWorldPosition,None,False,40,/Script/Engine,/Engine/EngineSky/VolumetricClouds/m_SimpleVolumetricCloud
Engine/Content/EngineSky/VolumetricClouds/m_SimpleVolumetricCloud.uasset,40,37597,/Script/CoreUObject,Class,-57,SceneThumbnailInfoWithPrimitive,None,False,40,/Script/UnrealEd,/Engine/EngineSky/VolumetricClouds/m_SimpleVolumetricCloud
Engine/Content/EngineSky/VolumetricClouds/m_SimpleVolumetricCloud.uasset,41,37637,/Script/Engine,MaterialFunction,-49,Km-to-Cm,None,False,40,/Engine/Functions/Engine_MaterialFunctions01/Units/Km-to-Cm,/Engine/EngineSky/VolumetricClouds/m_SimpleVolumetricCloud
Engine/Content/EngineSky/VolumetricClouds/m_SimpleVolumetricCloud.uasset,42,37677,/Script/Engine,MaterialFunction,-51,BreakOutFloat3Components,None,False,40,/Engine/Functions/Engine_MaterialFunctions02/Utility/BreakOutFloat3Components,/Engine/EngineSky/VolumetricClouds/m_SimpleVolumetricCloud
Engine/Content/EngineSky/VolumetricClouds/m_SimpleVolumetricCloud.uasset,43,37717,/Script/Engine,MaterialFunction,-52,BreakOutFloat4Components,None,False,40,/Engine/Functions/Engine_MaterialFunctions02/Utility/BreakOutFloat4Components,/Engine/EngineSky/VolumetricClouds/m_SimpleVolumetricCloud
Engine/Content/EngineSky/VolumetricClouds/m_SimpleVolumetricCloud.uasset,44,37757,/Script/Engine,MaterialFunction,-53,MakeFloat3,None,False,40,/Engine/Functions/Engine_MaterialFunctions02/Utility/MakeFloat3,/Engine/EngineSky/VolumetricClouds/m_SimpleVolumetricCloud
Engine/Content/EngineSky/VolumetricClouds/m_SimpleVolumetricCloud.uasset,45,37797,/Script/Engine,MaterialFunction,-54,MakeFloat4,None,False,40,/Engine/Functions/Engine_MaterialFunctions02/Utility/MakeFloat4,/Engine/EngineSky/VolumetricClouds/m_SimpleVolumetricCloud
Engine/Content/EngineSky/VolumetricClouds/m_SimpleVolumetricCloud.uasset,46,37837,/Script/CoreUObject,Package,0,/Engine/EngineResources/DefaultVolumeTexture,None,False,40,/Engine/EngineResources/DefaultVolumeTexture,/Engine/EngineSky/VolumetricClouds/m_SimpleVolumetricCloud
Engine/Content/EngineSky/VolumetricClouds/m_SimpleVolumetricCloud.uasset,47,37877,/Script/CoreUObject,Package,0,/Engine/EngineSky/VolumetricClouds/VT_Lightning,None,False,40,/Engine/EngineSky/VolumetricClouds/VT_Lightning,/Engine/EngineSky/VolumetricClouds/m_SimpleVolumetricCloud
Engine/Content/EngineSky/VolumetricClouds/m_SimpleVolumetricCloud.uasset,48,37917,/Script/CoreUObject,Package,0,/Engine/Functions/Engine_MaterialFunctions01/Units/Km-to-Cm,None,False,40,/Engine/Functions/Engine_MaterialFunctions01/Units/Km-to-Cm,/Engine/EngineSky/VolumetricClouds/m_SimpleVolumetricCloud
Engine/Content/EngineSky/VolumetricClouds/m_SimpleVolumetricCloud.uasset,49,37957,/Script/CoreUObject,Package,0,/Engine/Functions/Engine_MaterialFunctions02/PivotPainter2/Black_1x1_EXR_Texture,None,False,40,/Engine/Functions/Engine_MaterialFunctions02/PivotPainter2/Black_1x1_EXR_Texture,/Engine/EngineSky/VolumetricClouds/m_SimpleVolumetricCloud
Engine/Content/EngineSky/VolumetricClouds/m_SimpleVolumetricCloud.uasset,50,37997,/Script/CoreUObject,Package,0,/Engine/Functions/Engine_MaterialFunctions02/Utility/BreakOutFloat3Components,None,False,40,/Engine/Functions/Engine_MaterialFunctions02/Utility/BreakOutFloat3Components,/Engine/EngineSky/VolumetricClouds/m_SimpleVolumetricCloud
Engine/Content/EngineSky/VolumetricClouds/m_SimpleVolumetricCloud.uasset,51,38037,/Script/CoreUObject,Package,0,/Engine/Functions/Engine_MaterialFunctions02/Utility/BreakOutFloat4Components,None,False,40,/Engine/Functions/Engine_MaterialFunctions02/Utility/BreakOutFloat4Components,/Engine/EngineSky/VolumetricClouds/m_SimpleVolumetricCloud
Engine/Content/EngineSky/VolumetricClouds/m_SimpleVolumetricCloud.uasset,52,38077,/Script/CoreUObject,Package,0,/Engine/Functions/Engine_MaterialFunctions02/Utility/MakeFloat3,None,False,40,/Engine/Functions/Engine_MaterialFunctions02/Utility/MakeFloat3,/Engine/EngineSky/VolumetricClouds/m_SimpleVolumetricCloud
Engine/Content/EngineSky/VolumetricClouds/m_SimpleVolumetricCloud.uasset,53,38117,/Script/CoreUObject,Package,0,/Engine/Functions/Engine_MaterialFunctions02/Utility/MakeFloat4,None,False,40,/Engine/Functions/Engine_MaterialFunctions02/Utility/MakeFloat4,/Engine/EngineSky/VolumetricClouds/m_SimpleVolumetricCloud
Engine/Content/EngineSky/VolumetricClouds/m_SimpleVolumetricCloud.uasset,54,38157,/Script/CoreUObject,Package,0,/Script/CoreUObject,None,False,40,/Script/CoreUObject,/Engine/EngineSky/VolumetricClouds/m_SimpleVolumetricCloud
Engine/Content/EngineSky/VolumetricClouds/m_SimpleVolumetricCloud.uasset,55,38197,/Script/CoreUObject,Package,0,/Script/Engine,None,False,40,/Script/Engine,/Engine/EngineSky/VolumetricClouds/m_SimpleVolumetricCloud
Engine/Content/EngineSky/VolumetricClouds/m_SimpleVolumetricCloud.uasset,56,38237,/Script/CoreUObject,Package,0,/Script/UnrealEd,None,False,40,/Script/UnrealEd,/Engine/EngineSky/VolumetricClouds/m_SimpleVolumetricCloud
Engine/Content/EngineSky/VolumetricClouds/m_SimpleVolumetricCloud.uasset,57,38277,/Script/Engine,Texture2D,-50,Black_1x1_EXR_Texture,None,False,40,/Engine/Functions/Engine_MaterialFunctions02/PivotPainter2/Black_1x1_EXR_Texture,/Engine/EngineSky/VolumetricClouds/m_SimpleVolumetricCloud
Engine/Content/EngineSky/VolumetricClouds/m_SimpleVolumetricCloud.uasset,58,38317,/Script/Engine,VolumeTexture,-47,DefaultVolumeTexture,None,False,40,/Engine/EngineResources/DefaultVolumeTexture,/Engine/EngineSky/VolumetricClouds/m_SimpleVolumetricCloud
Engine/Content/EngineSky/VolumetricClouds/m_SimpleVolumetricCloud.uasset,59,38357,/Script/Engine,VolumeTexture,-48,VT_Lightning,None,False,40,/Engine/EngineSky/VolumetricClouds/VT_Lightning,/Engine/EngineSky/VolumetricClouds/m_SimpleVolumetricCloud
Engine/Content/EngineSky/VolumetricClouds/T_CloudMask.uasset,0,1482,/Script/CoreUObject,Class,-4,MetaData,None,False,40,/Script/CoreUObject,/Engine/EngineSky/VolumetricClouds/T_CloudMask
Engine/Content/EngineSky/VolumetricClouds/T_CloudMask.uasset,1,1522,/Script/CoreUObject,Class,-5,Texture2D,None,False,40,/Script/Engine,/Engine/EngineSky/VolumetricClouds/T_CloudMask
Engine/Content/EngineSky/VolumetricClouds/T_CloudMask.uasset,2,1562,/Script/CoreUObject,Class,-6,InterchangeAssetImportData,None,False,40,/Script/InterchangeEngine,/Engine/EngineSky/VolumetricClouds/T_CloudMask
Engine/Content/EngineSky/VolumetricClouds/T_CloudMask.uasset,3,1602,/Script/CoreUObject,Package,0,/Script/CoreUObject,None,False,40,/Script/CoreUObject,/Engine/EngineSky/VolumetricClouds/T_CloudMask
Engine/Content/EngineSky/VolumetricClouds/T_CloudMask.uasset,4,1642,/Script/CoreUObject,Package,0,/Script/Engine,None,False,40,/Script/Engine,/Engine/EngineSky/VolumetricClouds/T_CloudMask
Engine/Content/EngineSky/VolumetricClouds/T_CloudMask.uasset,5,1682,/Script/CoreUObject,Package,0,/Script/InterchangeEngine,None,False,40,/Script/InterchangeEngine,/Engine/EngineSky/VolumetricClouds/T_CloudMask
Engine/Content/EngineSky/VolumetricClouds/T_CloudPattern.uasset,0,1631,/Script/CoreUObject,Class,-4,MetaData,None,False,40,/Script/CoreUObject,/Engine/EngineSky/VolumetricClouds/T_CloudPattern
Engine/Content/EngineSky/VolumetricClouds/T_CloudPattern.uasset,1,1671,/Script/CoreUObject,Class,-5,Texture2D,None,False,40,/Script/Engine,/Engine/EngineSky/VolumetricClouds/T_CloudPattern
Engine/Content/EngineSky/VolumetricClouds/T_CloudPattern.uasset,2,1711,/Script/CoreUObject,Class,-6,InterchangeAssetImportData,None,False,40,/Script/InterchangeEngine,/Engine/EngineSky/VolumetricClouds/T_CloudPattern
Engine/Content/EngineSky/VolumetricClouds/T_CloudPattern.uasset,3,1751,/Script/CoreUObject,Package,0,/Script/CoreUObject,None,False,40,/Script/CoreUObject,/Engine/EngineSky/VolumetricClouds/T_CloudPattern
Engine/Content/EngineSky/VolumetricClouds/T_CloudPattern.uasset,4,1791,/Script/CoreUObject,Package,0,/Script/Engine,None,False,40,/Script/Engine,/Engine/EngineSky/VolumetricClouds/T_CloudPattern
Engine/Content/EngineSky/VolumetricClouds/T_CloudPattern.uasset,5,1831,/Script/CoreUObject,Package,0,/Script/InterchangeEngine,None,False,40,/Script/InterchangeEngine,/Engine/EngineSky/VolumetricClouds/T_CloudPattern
Engine/Content/EngineSky/VolumetricClouds/T_Lightning.uasset,0,1546,/Script/CoreUObject,Class,-4,MetaData,None,False,40,/Script/CoreUObject,/Engine/EngineSky/VolumetricClouds/T_Lightning
Engine/Content/EngineSky/VolumetricClouds/T_Lightning.uasset,1,1586,/Script/CoreUObject,Class,-5,Texture2D,None,False,40,/Script/Engine,/Engine/EngineSky/VolumetricClouds/T_Lightning
Engine/Content/EngineSky/VolumetricClouds/T_Lightning.uasset,2,1626,/Script/CoreUObject,Class,-6,InterchangeAssetImportData,None,False,40,/Script/InterchangeEngine,/Engine/EngineSky/VolumetricClouds/T_Lightning
Engine/Content/EngineSky/VolumetricClouds/T_Lightning.uasset,3,1666,/Script/CoreUObject,Package,0,/Script/CoreUObject,None,False,40,/Script/CoreUObject,/Engine/EngineSky/VolumetricClouds/T_Lightning
Engine/Content/EngineSky/VolumetricClouds/T_Lightning.uasset,4,1706,/Script/CoreUObject,Package,0,/Script/Engine,None,False,40,/Script/Engine,/Engine/EngineSky/VolumetricClouds/T_Lightning
Engine/Content/EngineSky/VolumetricClouds/T_Lightning.uasset,5,1746,/Script/CoreUObject,Package,0,/Script/InterchangeEngine,None,False,40,/Script/InterchangeEngine,/Engine/EngineSky/VolumetricClouds/T_Lightning
Engine/Content/EngineSky/VolumetricClouds/T_NoiseErosion.uasset,0,1248,/Script/CoreUObject,Class,-4,MetaData,None,False,40,/Script/CoreUObject,None
Engine/Content/EngineSky/VolumetricClouds/T_NoiseErosion.uasset,1,1288,/Script/CoreUObject,Class,-5,AssetImportData,None,False,40,/Script/Engine,None
Engine/Content/EngineSky/VolumetricClouds/T_NoiseErosion.uasset,2,1328,/Script/CoreUObject,Class,-5,Texture2D,None,False,40,/Script/Engine,None
Engine/Content/EngineSky/VolumetricClouds/T_NoiseErosion.uasset,3,1368,/Script/CoreUObject,Package,0,/Script/CoreUObject,None,False,40,/Script/CoreUObject,None
Engine/Content/EngineSky/VolumetricClouds/T_NoiseErosion.uasset,4,1408,/Script/CoreUObject,Package,0,/Script/Engine,None,False,40,/Script/Engine,None
Engine/Content/EngineSky/VolumetricClouds/T_NoiseShape.uasset,0,1244,/Script/CoreUObject,Class,-4,MetaData,None,False,40,/Script/CoreUObject,None
Engine/Content/EngineSky/VolumetricClouds/T_NoiseShape.uasset,1,1284,/Script/CoreUObject,Class,-5,AssetImportData,None,False,40,/Script/Engine,None
Engine/Content/EngineSky/VolumetricClouds/T_NoiseShape.uasset,2,1324,/Script/CoreUObject,Class,-5,Texture2D,None,False,40,/Script/Engine,None
Engine/Content/EngineSky/VolumetricClouds/T_NoiseShape.uasset,3,1364,/Script/CoreUObject,Package,0,/Script/CoreUObject,None,False,40,/Script/CoreUObject,None
Engine/Content/EngineSky/VolumetricClouds/T_NoiseShape.uasset,4,1404,/Script/CoreUObject,Package,0,/Script/Engine,None,False,40,/Script/Engine,None
Engine/Content/EngineSky/VolumetricClouds/T_NoiseShape64.uasset,0,1248,/Script/CoreUObject,Class,-4,MetaData,None,False,40,/Script/CoreUObject,None
Engine/Content/EngineSky/VolumetricClouds/T_NoiseShape64.uasset,1,1288,/Script/CoreUObject,Class,-5,AssetImportData,None,False,40,/Script/Engine,None
Engine/Content/EngineSky/VolumetricClouds/T_NoiseShape64.uasset,2,1328,/Script/CoreUObject,Class,-5,Texture2D,None,False,40,/Script/Engine,None
Engine/Content/EngineSky/VolumetricClouds/T_NoiseShape64.uasset,3,1368,/Script/CoreUObject,Package,0,/Script/CoreUObject,None,False,40,/Script/CoreUObject,None
Engine/Content/EngineSky/VolumetricClouds/T_NoiseShape64.uasset,4,1408,/Script/CoreUObject,Package,0,/Script/Engine,None,False,40,/Script/Engine,None
Engine/Content/EngineSky/VolumetricClouds/T_Profile_08.uasset,0,1440,/Script/CoreUObject,Class,-4,MetaData,None,False,40,/Script/CoreUObject,/Engine/EngineSky/VolumetricClouds/T_Profile_08
Engine/Content/EngineSky/VolumetricClouds/T_Profile_08.uasset,1,1480,/Script/CoreUObject,Class,-5,Texture2D,None,False,40,/Script/Engine,/Engine/EngineSky/VolumetricClouds/T_Profile_08
Engine/Content/EngineSky/VolumetricClouds/T_Profile_08.uasset,2,1520,/Script/CoreUObject,Class,-6,InterchangeAssetImportData,None,False,40,/Script/InterchangeEngine,/Engine/EngineSky/VolumetricClouds/T_Profile_08
Engine/Content/EngineSky/VolumetricClouds/T_Profile_08.uasset,3,1560,/Script/CoreUObject,Package,0,/Script/CoreUObject,None,False,40,/Script/CoreUObject,/Engine/EngineSky/VolumetricClouds/T_Profile_08
Engine/Content/EngineSky/VolumetricClouds/T_Profile_08.uasset,4,1600,/Script/CoreUObject,Package,0,/Script/Engine,None,False,40,/Script/Engine,/Engine/EngineSky/VolumetricClouds/T_Profile_08
Engine/Content/EngineSky/VolumetricClouds/T_Profile_08.uasset,5,1640,/Script/CoreUObject,Package,0,/Script/InterchangeEngine,None,False,40,/Script/InterchangeEngine,/Engine/EngineSky/VolumetricClouds/T_Profile_08
Engine/Content/EngineSky/VolumetricClouds/T_Volume_PerlinWorley_Balanced.uasset,0,1416,/Script/CoreUObject,Class,-4,MetaData,None,False,40,/Script/CoreUObject,/Engine/EngineSky/VolumetricClouds/T_Volume_PerlinWorley_Balanced
Engine/Content/EngineSky/VolumetricClouds/T_Volume_PerlinWorley_Balanced.uasset,1,1456,/Script/CoreUObject,Class,-5,Texture2D,None,False,40,/Script/Engine,/Engine/EngineSky/VolumetricClouds/T_Volume_PerlinWorley_Balanced
Engine/Content/EngineSky/VolumetricClouds/T_Volume_PerlinWorley_Balanced.uasset,2,1496,/Script/CoreUObject,Class,-6,InterchangeAssetImportData,None,False,40,/Script/InterchangeEngine,/Engine/EngineSky/VolumetricClouds/T_Volume_PerlinWorley_Balanced
Engine/Content/EngineSky/VolumetricClouds/T_Volume_PerlinWorley_Balanced.uasset,3,1536,/Script/CoreUObject,Package,0,/Script/CoreUObject,None,False,40,/Script/CoreUObject,/Engine/EngineSky/VolumetricClouds/T_Volume_PerlinWorley_Balanced
Engine/Content/EngineSky/VolumetricClouds/T_Volume_PerlinWorley_Balanced.uasset,4,1576,/Script/CoreUObject,Package,0,/Script/Engine,None,False,40,/Script/Engine,/Engine/EngineSky/VolumetricClouds/T_Volume_PerlinWorley_Balanced
Engine/Content/EngineSky/VolumetricClouds/T_Volume_PerlinWorley_Balanced.uasset,5,1616,/Script/CoreUObject,Package,0,/Script/InterchangeEngine,None,False,40,/Script/InterchangeEngine,/Engine/EngineSky/VolumetricClouds/T_Volume_PerlinWorley_Balanced
Engine/Content/EngineSky/VolumetricClouds/T_VolumeNoiseErosion32.uasset,0,1645,/Script/CoreUObject,Class,-5,MetaData,None,False,40,/Script/CoreUObject,None
Engine/Content/EngineSky/VolumetricClouds/T_VolumeNoiseErosion32.uasset,1,1685,/Script/CoreUObject,Class,-6,AssetImportData,None,False,40,/Script/Engine,None
Engine/Content/EngineSky/VolumetricClouds/T_VolumeNoiseErosion32.uasset,2,1725,/Script/CoreUObject,Class,-6,VolumeTexture,None,False,40,/Script/Engine,None
Engine/Content/EngineSky/VolumetricClouds/T_VolumeNoiseErosion32.uasset,3,1765,/Script/CoreUObject,Package,0,/Engine/EngineSky/VolumetricClouds/T_NoiseErosion,None,False,40,/Engine/EngineSky/VolumetricClouds/T_NoiseErosion,None
Engine/Content/EngineSky/VolumetricClouds/T_VolumeNoiseErosion32.uasset,4,1805,/Script/CoreUObject,Package,0,/Script/CoreUObject,None,False,40,/Script/CoreUObject,None
Engine/Content/EngineSky/VolumetricClouds/T_VolumeNoiseErosion32.uasset,5,1845,/Script/CoreUObject,Package,0,/Script/Engine,None,False,40,/Script/Engine,None
Engine/Content/EngineSky/VolumetricClouds/T_VolumeNoiseErosion32.uasset,6,1885,/Script/Engine,Texture2D,-4,T_NoiseErosion,None,False,40,/Engine/EngineSky/VolumetricClouds/T_NoiseErosion,None
Engine/Content/EngineSky/VolumetricClouds/T_VolumeNoiseShape128.uasset,0,1639,/Script/CoreUObject,Class,-5,MetaData,None,False,40,/Script/CoreUObject,None
Engine/Content/EngineSky/VolumetricClouds/T_VolumeNoiseShape128.uasset,1,1679,/Script/CoreUObject,Class,-6,AssetImportData,None,False,40,/Script/Engine,None
Engine/Content/EngineSky/VolumetricClouds/T_VolumeNoiseShape128.uasset,2,1719,/Script/CoreUObject,Class,-6,VolumeTexture,None,False,40,/Script/Engine,None
Engine/Content/EngineSky/VolumetricClouds/T_VolumeNoiseShape128.uasset,3,1759,/Script/CoreUObject,Package,0,/Engine/EngineSky/VolumetricClouds/T_NoiseShape,None,False,40,/Engine/EngineSky/VolumetricClouds/T_NoiseShape,None
Engine/Content/EngineSky/VolumetricClouds/T_VolumeNoiseShape128.uasset,4,1799,/Script/CoreUObject,Package,0,/Script/CoreUObject,None,False,40,/Script/CoreUObject,None
Engine/Content/EngineSky/VolumetricClouds/T_VolumeNoiseShape128.uasset,5,1839,/Script/CoreUObject,Package,0,/Script/Engine,None,False,40,/Script/Engine,None
Engine/Content/EngineSky/VolumetricClouds/T_VolumeNoiseShape128.uasset,6,1879,/Script/Engine,Texture2D,-4,T_NoiseShape,None,False,40,/Engine/EngineSky/VolumetricClouds/T_NoiseShape,None
Engine/Content/EngineSky/VolumetricClouds/T_VolumeNoiseShape64.uasset,0,1641,/Script/CoreUObject,Class,-5,MetaData,None,False,40,/Script/CoreUObject,None
Engine/Content/EngineSky/VolumetricClouds/T_VolumeNoiseShape64.uasset,1,1681,/Script/CoreUObject,Class,-6,AssetImportData,None,False,40,/Script/Engine,None
Engine/Content/EngineSky/VolumetricClouds/T_VolumeNoiseShape64.uasset,2,1721,/Script/CoreUObject,Class,-6,VolumeTexture,None,False,40,/Script/Engine,None
Engine/Content/EngineSky/VolumetricClouds/T_VolumeNoiseShape64.uasset,3,1761,/Script/CoreUObject,Package,0,/Engine/EngineSky/VolumetricClouds/T_NoiseShape64,None,False,40,/Engine/EngineSky/VolumetricClouds/T_NoiseShape64,None
Engine/Content/EngineSky/VolumetricClouds/T_VolumeNoiseShape64.uasset,4,1801,/Script/CoreUObject,Package,0,/Script/CoreUObject,None,False,40,/Script/CoreUObject,None
Engine/Content/EngineSky/VolumetricClouds/T_VolumeNoiseShape64.uasset,5,1841,/Script/CoreUObject,Package,0,/Script/Engine,None,False,40,/Script/Engine,None
Engine/Content/EngineSky/VolumetricClouds/T_VolumeNoiseShape64.uasset,6,1881,/Script/Engine,Texture2D,-4,T_NoiseShape64,None,False,40,/Engine/EngineSky/VolumetricClouds/T_NoiseShape64,None
Engine/Content/EngineSky/VolumetricClouds/VT_Lightning.uasset,0,1451,/Script/CoreUObject,Class,-4,MetaData,None,False,40,/Script/CoreUObject,/Engine/EngineSky/VolumetricClouds/VT_Lightning
Engine/Content/EngineSky/VolumetricClouds/VT_Lightning.uasset,1,1491,/Script/CoreUObject,Class,-5,VolumeTexture,None,False,40,/Script/Engine,/Engine/EngineSky/VolumetricClouds/VT_Lightning
Engine/Content/EngineSky/VolumetricClouds/VT_Lightning.uasset,2,1531,/Script/CoreUObject,Class,-6,InterchangeAssetImportData,None,False,40,/Script/InterchangeEngine,/Engine/EngineSky/VolumetricClouds/VT_Lightning
Engine/Content/EngineSky/VolumetricClouds/VT_Lightning.uasset,3,1571,/Script/CoreUObject,Package,0,/Script/CoreUObject,None,False,40,/Script/CoreUObject,/Engine/EngineSky/VolumetricClouds/VT_Lightning
Engine/Content/EngineSky/VolumetricClouds/VT_Lightning.uasset,4,1611,/Script/CoreUObject,Package,0,/Script/Engine,None,False,40,/Script/Engine,/Engine/EngineSky/VolumetricClouds/VT_Lightning
Engine/Content/EngineSky/VolumetricClouds/VT_Lightning.uasset,5,1651,/Script/CoreUObject,Package,0,/Script/InterchangeEngine,None,False,40,/Script/InterchangeEngine,/Engine/EngineSky/VolumetricClouds/VT_Lightning
Engine/Content/EngineSky/VolumetricClouds/VT_PerlinWorley_Balanced.uasset,0,1595,/Script/CoreUObject,Class,-4,MetaData,None,False,40,/Script/CoreUObject,/Engine/EngineSky/VolumetricClouds/VT_PerlinWorley_Balanced
Engine/Content/EngineSky/VolumetricClouds/VT_PerlinWorley_Balanced.uasset,1,1635,/Script/CoreUObject,Class,-5,VolumeTexture,None,False,40,/Script/Engine,/Engine/EngineSky/VolumetricClouds/VT_PerlinWorley_Balanced
Engine/Content/EngineSky/VolumetricClouds/VT_PerlinWorley_Balanced.uasset,2,1675,/Script/CoreUObject,Class,-6,InterchangeAssetImportData,None,False,40,/Script/InterchangeEngine,/Engine/EngineSky/VolumetricClouds/VT_PerlinWorley_Balanced
Engine/Content/EngineSky/VolumetricClouds/VT_PerlinWorley_Balanced.uasset,3,1715,/Script/CoreUObject,Package,0,/Script/CoreUObject,None,False,40,/Script/CoreUObject,/Engine/EngineSky/VolumetricClouds/VT_PerlinWorley_Balanced
Engine/Content/EngineSky/VolumetricClouds/VT_PerlinWorley_Balanced.uasset,4,1755,/Script/CoreUObject,Package,0,/Script/Engine,None,False,40,/Script/Engine,/Engine/EngineSky/VolumetricClouds/VT_PerlinWorley_Balanced
Engine/Content/EngineSky/VolumetricClouds/VT_PerlinWorley_Balanced.uasset,5,1795,/Script/CoreUObject,Package,0,/Script/InterchangeEngine,None,False,40,/Script/InterchangeEngine,/Engine/EngineSky/VolumetricClouds/VT_PerlinWorley_Balanced
Engine/Content/EngineResources/DefaultVolumeTexture.uasset,0,1424,/Script/CoreUObject,Class,-5,MetaData,None,False,40,/Script/CoreUObject,None
Engine/Content/EngineResources/DefaultVolumeTexture.uasset,1,1464,/Script/CoreUObject,Class,-6,AssetImportData,None,False,40,/Script/Engine,None
Engine/Content/EngineResources/DefaultVolumeTexture.uasset,2,1504,/Script/CoreUObject,Class,-6,VolumeTexture,None,False,40,/Script/Engine,None
Engine/Content/EngineResources/DefaultVolumeTexture.uasset,3,1544,/Script/CoreUObject,Package,0,/Engine/EngineResources/DefaultVolumeTexture2D,None,False,40,/Engine/EngineResources/DefaultVolumeTexture2D,None
Engine/Content/EngineResources/DefaultVolumeTexture.uasset,4,1584,/Script/CoreUObject,Package,0,/Script/CoreUObject,None,False,40,/Script/CoreUObject,None
Engine/Content/EngineResources/DefaultVolumeTexture.uasset,5,1624,/Script/CoreUObject,Package,0,/Script/Engine,None,False,40,/Script/Engine,None
Engine/Content/EngineResources/DefaultVolumeTexture.uasset,6,1664,/Script/Engine,Texture2D,-4,DefaultVolumeTexture2D,None,False,40,/Engine/EngineResources/DefaultVolumeTexture2D,None
Engine/Content/Functions/Engine_MaterialFunctions02/PivotPainter2/Black_1x1_EXR_Texture.uasset,0,1261,/Script/CoreUObject,Class,-4,MetaData,None,False,40,/Script/CoreUObject,None
Engine/Content/Functions/Engine_MaterialFunctions02/PivotPainter2/Black_1x1_EXR_Texture.uasset,1,1301,/Script/CoreUObject,Class,-5,AssetImportData,None,False,40,/Script/Engine,None
Engine/Content/Functions/Engine_MaterialFunctions02/PivotPainter2/Black_1x1_EXR_Texture.uasset,2,1341,/Script/CoreUObject,Class,-5,Texture2D,None,False,40,/Script/Engine,None
Engine/Content/Functions/Engine_MaterialFunctions02/PivotPainter2/Black_1x1_EXR_Texture.uasset,3,1381,/Script/CoreUObject,Package,0,/Script/CoreUObject,None,False,40,/Script/CoreUObject,None
Engine/Content/Functions/Engine_MaterialFunctions02/PivotPainter2/Black_1x1_EXR_Texture.uasset,4,1421,/Script/CoreUObject,Package,0,/Script/Engine,None,False,40,/Script/Engine,None
Engine/Content/Functions/Engine_MaterialFunctions01/Units/Km-to-Cm.uasset,0,1854,/Script/CoreUObject,Class,-7,MetaData,None,False,40,/Script/CoreUObject,None
Engine/Content/Functions/Engine_MaterialFunctions01/Units/Km-to-Cm.uasset,1,1894,/Script/CoreUObject,Class,-8,MaterialExpressionFunctionInput,None,False,40,/Script/Engine,None
Engine/Content/Functions/Engine_MaterialFunctions01/Units/Km-to-Cm.uasset,2,1934,/Script/CoreUObject,Class,-8,MaterialExpressionFunctionOutput,None,False,40,/Script/Engine,None
Engine/Content/Functions/Engine_MaterialFunctions01/Units/Km-to-Cm.uasset,3,1974,/Script/CoreUObject,Class,-8,MaterialExpressionMultiply,None,False,40,/Script/Engine,None
Engine/Content/Functions/Engine_MaterialFunctions01/Units/Km-to-Cm.uasset,4,2014,/Script/CoreUObject,Class,-8,MaterialFunction,None,False,40,/Script/Engine,None
Engine/Content/Functions/Engine_MaterialFunctions01/Units/Km-to-Cm.uasset,5,2054,/Script/CoreUObject,Class,-9,SceneThumbnailInfoWithPrimitive,None,False,40,/Script/UnrealEd,None
Engine/Content/Functions/Engine_MaterialFunctions01/Units/Km-to-Cm.uasset,6,2094,/Script/CoreUObject,Package,0,/Script/CoreUObject,None,False,40,/Script/CoreUObject,None
Engine/Content/Functions/Engine_MaterialFunctions01/Units/Km-to-Cm.uasset,7,2134,/Script/CoreUObject,Package,0,/Script/Engine,None,False,40,/Script/Engine,None
Engine/Content/Functions/Engine_MaterialFunctions01/Units/Km-to-Cm.uasset,8,2174,/Script/CoreUObject,Package,0,/Script/UnrealEd,None,False,40,/Script/UnrealEd,None
Engine/Content/Functions/Engine_MaterialFunctions02/Utility/BreakOutFloat3Components.uasset,0,1858,/Script/CoreUObject,Class,-7,MaterialExpressionComponentMask,None,False,40,/Script/Engine,/Engine/Functions/Engine_MaterialFunctions02/Utility/BreakOutFloat3Components
Engine/Content/Functions/Engine_MaterialFunctions02/Utility/BreakOutFloat3Components.uasset,1,1898,/Script/CoreUObject,Class,-7,MaterialExpressionFunctionInput,None,False,40,/Script/Engine,/Engine/Functions/Engine_MaterialFunctions02/Utility/BreakOutFloat3Components
Engine/Content/Functions/Engine_MaterialFunctions02/Utility/BreakOutFloat3Components.uasset,2,1938,/Script/CoreUObject,Class,-7,MaterialExpressionFunctionOutput,None,False,40,/Script/Engine,/Engine/Functions/Engine_MaterialFunctions02/Utility/BreakOutFloat3Components
Engine/Content/Functions/Engine_MaterialFunctions02/Utility/BreakOutFloat3Components.uasset,3,1978,/Script/CoreUObject,Class,-7,MaterialFunction,None,False,40,/Script/Engine,/Engine/Functions/Engine_MaterialFunctions02/Utility/BreakOutFloat3Components
Engine/Content/Functions/Engine_MaterialFunctions02/Utility/BreakOutFloat3Components.uasset,4,2018,/Script/CoreUObject,Class,-7,MaterialFunctionEditorOnlyData,None,False,40,/Script/Engine,/Engine/Functions/Engine_MaterialFunctions02/Utility/BreakOutFloat3Components
Engine/Content/Functions/Engine_MaterialFunctions02/Utility/BreakOutFloat3Components.uasset,5,2058,/Script/CoreUObject,Class,-8,SceneThumbnailInfoWithPrimitive,None,False,40,/Script/UnrealEd,/Engine/Functions/Engine_MaterialFunctions02/Utility/BreakOutFloat3Components
Engine/Content/Functions/Engine_MaterialFunctions02/Utility/BreakOutFloat3Components.uasset,6,2098,/Script/CoreUObject,Package,0,/Script/Engine,None,False,40,/Script/Engine,/Engine/Functions/Engine_MaterialFunctions02/Utility/BreakOutFloat3Components
Engine/Content/Functions/Engine_MaterialFunctions02/Utility/BreakOutFloat3Components.uasset,7,2138,/Script/CoreUObject,Package,0,/Script/UnrealEd,None,False,40,/Script/UnrealEd,/Engine/Functions/Engine_MaterialFunctions02/Utility/BreakOutFloat3Components
Engine/Content/Functions/Engine_MaterialFunctions02/Utility/BreakOutFloat4Components.uasset,0,1954,/Script/CoreUObject,Class,-7,MaterialExpressionComponentMask,None,False,40,/Script/Engine,/Engine/Functions/Engine_MaterialFunctions02/Utility/BreakOutFloat4Components
Engine/Content/Functions/Engine_MaterialFunctions02/Utility/BreakOutFloat4Components.uasset,1,1994,/Script/CoreUObject,Class,-7,MaterialExpressionFunctionInput,None,False,40,/Script/Engine,/Engine/Functions/Engine_MaterialFunctions02/Utility/BreakOutFloat4Components
Engine/Content/Functions/Engine_MaterialFunctions02/Utility/BreakOutFloat4Components.uasset,2,2034,/Script/CoreUObject,Class,-7,MaterialExpressionFunctionOutput,None,False,40,/Script/Engine,/Engine/Functions/Engine_MaterialFunctions02/Utility/BreakOutFloat4Components
Engine/Content/Functions/Engine_MaterialFunctions02/Utility/BreakOutFloat4Components.uasset,3,2074,/Script/CoreUObject,Class,-7,MaterialFunction,None,False,40,/Script/Engine,/Engine/Functions/Engine_MaterialFunctions02/Utility/BreakOutFloat4Components
Engine/Content/Functions/Engine_MaterialFunctions02/Utility/BreakOutFloat4Components.uasset,4,2114,/Script/CoreUObject,Class,-7,MaterialFunctionEditorOnlyData,None,False,40,/Script/Engine,/Engine/Functions/Engine_MaterialFunctions02/Utility/BreakOutFloat4Components
Engine/Content/Functions/Engine_MaterialFunctions02/Utility/BreakOutFloat4Components.uasset,5,2154,/Script/CoreUObject,Class,-8,SceneThumbnailInfoWithPrimitive,None,False,40,/Script/UnrealEd,/Engine/Functions/Engine_MaterialFunctions02/Utility/BreakOutFloat4Components
Engine/Content/Functions/Engine_MaterialFunctions02/Utility/BreakOutFloat4Components.uasset,6,2194,/Script/CoreUObject,Package,0,/Script/Engine,None,False,40,/Script/Engine,/Engine/Functions/Engine_MaterialFunctions02/Utility/BreakOutFloat4Components
Engine/Content/Functions/Engine_MaterialFunctions02/Utility/BreakOutFloat4Components.uasset,7,2234,/Script/CoreUObject,Package,0,/Script/UnrealEd,None,False,40,/Script/UnrealEd,/Engine/Functions/Engine_MaterialFunctions02/Utility/BreakOutFloat4Components
Engine/Content/Functions/Engine_MaterialFunctions02/Utility/MakeFloat3.uasset,0,1858,/Script/CoreUObject,Class,-7,MaterialExpressionAppendVector,None,False,40,/Script/Engine,/Engine/Functions/Engine_MaterialFunctions02/Utility/MakeFloat3
Engine/Content/Functions/Engine_MaterialFunctions02/Utility/MakeFloat3.uasset,1,1898,/Script/CoreUObject,Class,-7,MaterialExpressionFunctionInput,None,False,40,/Script/Engine,/Engine/Functions/Engine_MaterialFunctions02/Utility/MakeFloat3
Engine/Content/Functions/Engine_MaterialFunctions02/Utility/MakeFloat3.uasset,2,1938,/Script/CoreUObject,Class,-7,MaterialExpressionFunctionOutput,None,False,40,/Script/Engine,/Engine/Functions/Engine_MaterialFunctions02/Utility/MakeFloat3
Engine/Content/Functions/Engine_MaterialFunctions02/Utility/MakeFloat3.uasset,3,1978,/Script/CoreUObject,Class,-7,MaterialFunction,None,False,40,/Script/Engine,/Engine/Functions/Engine_MaterialFunctions02/Utility/MakeFloat3
Engine/Content/Functions/Engine_MaterialFunctions02/Utility/MakeFloat3.uasset,4,2018,/Script/CoreUObject,Class,-7,MaterialFunctionEditorOnlyData,None,False,40,/Script/Engine,/Engine/Functions/Engine_MaterialFunctions02/Utility/MakeFloat3
Engine/Content/Functions/Engine_MaterialFunctions02/Utility/MakeFloat3.uasset,5,2058,/Script/CoreUObject,Class,-8,SceneThumbnailInfoWithPrimitive,None,False,40,/Script/UnrealEd,/Engine/Functions/Engine_MaterialFunctions02/Utility/MakeFloat3
Engine/Content/Functions/Engine_MaterialFunctions02/Utility/MakeFloat3.uasset,6,2098,/Script/CoreUObject,Package,0,/Script/Engine,None,False,40,/Script/Engine,/Engine/Functions/Engine_MaterialFunctions02/Utility/MakeFloat3
Engine/Content/Functions/Engine_MaterialFunctions02/Utility/MakeFloat3.uasset,7,2138,/Script/CoreUObject,Package,0,/Script/UnrealEd,None,False,40,/Script/UnrealEd,/Engine/Functions/Engine_MaterialFunctions02/Utility/MakeFloat3
Engine/Content/Functions/Engine_MaterialFunctions02/Utility/MakeFloat4.uasset,0,1858,/Script/CoreUObject,Class,-7,MaterialExpressionAppendVector,None,False,40,/Script/Engine,/Engine/Functions/Engine_MaterialFunctions02/Utility/MakeFloat4
Engine/Content/Functions/Engine_MaterialFunctions02/Utility/MakeFloat4.uasset,1,1898,/Script/CoreUObject,Class,-7,MaterialExpressionFunctionInput,None,False,40,/Script/Engine,/Engine/Functions/Engine_MaterialFunctions02/Utility/MakeFloat4
Engine/Content/Functions/Engine_MaterialFunctions02/Utility/MakeFloat4.uasset,2,1938,/Script/CoreUObject,Class,-7,MaterialExpressionFunctionOutput,None,False,40,/Script/Engine,/Engine/Functions/Engine_MaterialFunctions02/Utility/MakeFloat4
Engine/Content/Functions/Engine_MaterialFunctions02/Utility/MakeFloat4.uasset,3,1978,/Script/CoreUObject,Class,-7,MaterialFunction,None,False,40,/Script/Engine,/Engine/Functions/Engine_MaterialFunctions02/Utility/MakeFloat4
Engine/Content/Functions/Engine_MaterialFunctions02/Utility/MakeFloat4.uasset,4,2018,/Script/CoreUObject,Class,-7,MaterialFunctionEditorOnlyData,None,False,40,/Script/Engine,/Engine/Functions/Engine_MaterialFunctions02/Utility/MakeFloat4
Engine/Content/Functions/Engine_MaterialFunctions02/Utility/MakeFloat4.uasset,5,2058,/Script/CoreUObject,Class,-8,SceneThumbnailInfoWithPrimitive,None,False,40,/Script/UnrealEd,/Engine/Functions/Engine_MaterialFunctions02/Utility/MakeFloat4
Engine/Content/Functions/Engine_MaterialFunctions02/Utility/MakeFloat4.uasset,6,2098,/Script/CoreUObject,Package,0,/Script/Engine,None,False,40,/Script/Engine,/Engine/Functions/Engine_MaterialFunctions02/Utility/MakeFloat4
Engine/Content/Functions/Engine_MaterialFunctions02/Utility/MakeFloat4.uasset,7,2138,/Script/CoreUObject,Package,0,/Script/UnrealEd,None,False,40,/Script/UnrealEd,/Engine/Functions/Engine_MaterialFunctions02/Utility/MakeFloat4
Engine/Content/EngineResources/DefaultVolumeTexture2D.uasset,0,1363,/Script/CoreUObject,Class,-4,MetaData,None,False,40,/Script/CoreUObject,None
Engine/Content/EngineResources/DefaultVolumeTexture2D.uasset,1,1403,/Script/CoreUObject,Class,-5,AssetImportData,None,False,40,/Script/Engine,None
Engine/Content/EngineResources/DefaultVolumeTexture2D.uasset,2,1443,/Script/CoreUObject,Class,-5,Texture2D,None,False,40,/Script/Engine,None
Engine/Content/EngineResources/DefaultVolumeTexture2D.uasset,3,1483,/Script/CoreUObject,Package,0,/Script/CoreUObject,None,False,40,/Script/CoreUObject,None
Engine/Content/EngineResources/DefaultVolumeTexture2D.uasset,4,1523,/Script/CoreUObject,Package,0,/Script/Engine,None,False,40,/Script/Engine,None
