"record_kind","storage","payload_id","record_offset","payload_offset","raw_bytes","compressed_bytes","method","blocks","serialized_flags","locator_bits","verified","note","package","source_path","source_file_bytes"
"legacy-package-file-offset","same_uasset","7FD8B1212235DEA7E57374DB4A444B78156A6D84","4617","4679","293","357","0","1","0x00000040","0x000","True","offset points into same .uasset; raw size and FIoHash match header; no external-locator flags","/Engine/EngineSky/VolumetricClouds/CloudGradientTexture","UE58/Engine/Content/EngineSky/VolumetricClouds/CloudGradientTexture.uasset","5040"
"legacy-package-file-offset","same_uasset","4A189A1F60B05D03E438FA8BA4A2E2BBBC551804","8790","8852","283178","283242","0","1","0x00000040","0x000","True","offset points into same .uasset; raw size and FIoHash match header; no external-locator flags","/Engine/EngineSky/VolumetricClouds/CloudWeatherTexture","UE58/Engine/Content/EngineSky/VolumetricClouds/CloudWeatherTexture.uasset","292098"
"package_trailer","local","DE27386D0203B316A3A2886B523E99E49748C93D","","13570","16777216","8284739","3","64","0x00000200","","True","local trailer range + FCompressedBuffer raw-size/hash + serialized trailer flag","/Engine/EngineSky/VolumetricClouds/T_CloudMask","UE58/Engine/Content/EngineSky/VolumetricClouds/T_CloudMask.uasset","8298329"
"package_trailer","local","6FB6B7010517F6C3794B385DE5BDF08A11D1888C","","21879","16777216","10020197","3","64","0x00000200","","True","local trailer range + FCompressedBuffer raw-size/hash + serialized trailer flag","/Engine/EngineSky/VolumetricClouds/T_CloudPattern","UE58/Engine/Content/EngineSky/VolumetricClouds/T_CloudPattern.uasset","10042096"
"package_trailer","local","D5A5A735A7675487820774AEA523C379F95B3CBC","","12186","2097152","784555","3","8","0x00000200","","True","local trailer range + FCompressedBuffer raw-size/hash + serialized trailer flag","/Engine/EngineSky/VolumetricClouds/T_Lightning","UE58/Engine/Content/EngineSky/VolumetricClouds/T_Lightning.uasset","796761"
"legacy-package-file-offset","same_uasset","89F0B2DA633F96144E65D1AF55AAFD188DFFD92B","4525","4587","36964","37028","0","1","0x00000040","0x000","True","offset points into same .uasset; raw size and FIoHash match header; no external-locator flags","/Engine/EngineSky/VolumetricClouds/T_NoiseErosion","UE58/Engine/Content/EngineSky/VolumetricClouds/T_NoiseErosion.uasset","41619"
"legacy-package-file-offset","same_uasset","FF950183D0B2B999290CFA6FB1D7F1654E4D252B","3835","3897","1866674","1838474","3","8","0x00000040","0x000","True","offset points into same .uasset; raw size and FIoHash match header; no external-locator flags","/Engine/EngineSky/VolumetricClouds/T_NoiseShape","UE58/Engine/Content/EngineSky/VolumetricClouds/T_NoiseShape.uasset","1842375"
"legacy-package-file-offset","same_uasset","2B91BA806F4FAB9AE81F3BCA7FAF4DD526F6350D","4479","4541","258525","258589","0","1","0x00000040","0x000","True","offset points into same .uasset; raw size and FIoHash match header; no external-locator flags","/Engine/EngineSky/VolumetricClouds/T_NoiseShape64","UE58/Engine/Content/EngineSky/VolumetricClouds/T_NoiseShape64.uasset","263134"
"package_trailer","local","4B4746E5F6A40B0FDAC7404226841468C27080AB","","8773","524288","197718","3","2","0x00000200","","True","local trailer range + FCompressedBuffer raw-size/hash + serialized trailer flag","/Engine/EngineSky/VolumetricClouds/T_Profile_08","UE58/Engine/Content/EngineSky/VolumetricClouds/T_Profile_08.uasset","206511"
"package_trailer","local","7A7DCBA7FC108A75A2991956A087627B61B6B648","","15353","16777216","13564947","3","64","0x00000200","","True","local trailer range + FCompressedBuffer raw-size/hash + serialized trailer flag","/Engine/EngineSky/VolumetricClouds/T_Volume_PerlinWorley_Balanced","UE58/Engine/Content/EngineSky/VolumetricClouds/T_Volume_PerlinWorley_Balanced.uasset","13580320"
"legacy-package-file-offset","same_uasset","B3C5A0B57137B98423511951BD41A2AB95A2C2A7","7814","7876","131072","33530","3","1","0x00000040","0x000","True","offset points into same .uasset; raw size and FIoHash match header; no external-locator flags","/Engine/EngineSky/VolumetricClouds/T_VolumeNoiseErosion32","UE58/Engine/Content/EngineSky/VolumetricClouds/T_VolumeNoiseErosion32.uasset","41410"
"legacy-package-file-offset","same_uasset","CF3EFD9B05EF502FDCE13A6CB62DE4A2858C7DE0","7763","7825","8388608","1652539","3","32","0x00000040","0x000","True","offset points into same .uasset; raw size and FIoHash match header; no external-locator flags","/Engine/EngineSky/VolumetricClouds/T_VolumeNoiseShape128","UE58/Engine/Content/EngineSky/VolumetricClouds/T_VolumeNoiseShape128.uasset","1660368"
"legacy-package-file-offset","same_uasset","DF73DE22A98991374994F07FB558EE35BDE8BE4C","7724","7786","1048576","221644","3","4","0x00000040","0x000","True","offset points into same .uasset; raw size and FIoHash match header; no external-locator flags","/Engine/EngineSky/VolumetricClouds/T_VolumeNoiseShape64","UE58/Engine/Content/EngineSky/VolumetricClouds/T_VolumeNoiseShape64.uasset","229434"
"package_trailer","local","6F2358E54F7CB8428C54F3283F8782042C88EEF9","","11071","2097152","783309","3","8","0x00000200","","True","local trailer range + FCompressedBuffer raw-size/hash + serialized trailer flag","/Engine/EngineSky/VolumetricClouds/VT_Lightning","UE58/Engine/Content/EngineSky/VolumetricClouds/VT_Lightning.uasset","794400"
"package_trailer","local","8FED183BDDEE483A6A3EE23365359C485383A52D","","14535","16777216","13579616","3","64","0x00000200","","True","local trailer range + FCompressedBuffer raw-size/hash + serialized trailer flag","/Engine/EngineSky/VolumetricClouds/VT_PerlinWorley_Balanced","UE58/Engine/Content/EngineSky/VolumetricClouds/VT_PerlinWorley_Balanced.uasset","13594171"
"legacy-package-file-offset","same_uasset","150DAB0C0F589E2F480FC990FF3382FA88AE8226","8079","8141","256","320","0","1","0x00000040","0x000","True","offset points into same .uasset; raw size and FIoHash match header; no external-locator flags","/Engine/EngineResources/DefaultVolumeTexture","UE58/Engine/Content/EngineResources/DefaultVolumeTexture.uasset","8465"
"legacy-package-file-offset","same_uasset","8A3E7873284773A1EF13B3BC75A0EF23725AFC5B","3474","3536","8","72","0","1","0x00000040","0x000","True","offset points into same .uasset; raw size and FIoHash match header; no external-locator flags","/Engine/Functions/Engine_MaterialFunctions02/PivotPainter2/Black_1x1_EXR_Texture","UE58/Engine/Content/Functions/Engine_MaterialFunctions02/PivotPainter2/Black_1x1_EXR_Texture.uasset","3612"
"legacy-package-file-offset","same_uasset","1C803D284EC47FB348B48350C5B7B4CC259D29E2","3978","4040","122","186","0","1","0x00000040","0x000","True","offset points into same .uasset; raw size and FIoHash match header; no external-locator flags","/Engine/EngineResources/DefaultVolumeTexture2D","UE58/Engine/Content/EngineResources/DefaultVolumeTexture2D.uasset","4230"
